site,year,index_vs_first_year,base_year,n_days,devices
VZS_ANDR,2017,1.0,2017,318,2
VZS_ANDR,2018,1.1744403937426877,2017,337,2
VZS_ANDR,2020,1.1916206441514972,2017,363,2
VZS_ANDR,2021,1.03610806003556,2017,362,2
VZS_ANDR,2022,1.0372290250658995,2017,362,2
VZS_ANDR,2023,1.041873337654263,2017,362,2
VZS_ANDR,2024,1.1218865962721245,2017,323,2
VZS_ANDR,2025,1.209253474329061,2017,144,2
VZS_BASL,2020,1.0,2020,166,1
VZS_BASL,2021,1.0165938121814626,2020,363,1
VZS_BASL,2022,1.0954150995709724,2020,363,1
VZS_BASL,2023,1.5491005384094407,2020,363,1
VZS_BASL,2024,1.845581456043103,2020,364,1
VZS_BASL,2025,1.9958769244468888,2020,336,1
VZS_BER2,2023,1.0,2023,213,1
VZS_BER2,2024,1.2794276564223932,2023,363,1
VZS_BER2,2025,1.1841187522802095,2023,360,1
VZS_BERT,2017,1.0,2017,290,2
VZS_BERT,2018,1.1187341146119354,2017,350,2
VZS_BERT,2019,1.0066749829001318,2017,296,2
VZS_BERT,2020,1.0996091174356424,2017,360,2
VZS_BERT,2021,1.0148328253728465,2017,256,2
VZS_BINZ,2017,1.0,2017,271,6
VZS_BINZ,2018,0.9561105130818504,2017,320,6
VZS_BINZ,2019,0.8524043957853462,2017,269,6
VZS_BINZ,2020,1.0490753914410367,2017,347,6
VZS_BINZ,2021,1.006431287871712,2017,332,6
VZS_BINZ,2022,1.0090849520589777,2017,143,6
VZS_BINZ,2023,1.1475471581852592,2017,363,6
VZS_BINZ,2024,1.0662879465694137,2017,364,6
VZS_BUCH,2017,1.0,2017,323,2
VZS_BUCH,2018,1.1028304515366059,2017,363,2
VZS_BUCH,2021,1.0493240339109107,2017,305,2
VZS_BUCH,2022,1.0953896424046494,2017,363,2
VZS_BUCH,2023,1.1029394047826406,2017,362,2
VZS_BUCH,2024,1.1267358017914377,2017,364,2
VZS_BUCH,2025,1.1340323917898523,2017,361,2
VZS_FISC,2017,1.0,2017,333,1
VZS_FISC,2018,1.1462321995902531,2017,363,1
VZS_FISC,2019,1.1954725910854682,2017,358,1
VZS_HARN,2017,1.0,2017,363,1
VZS_HARN,2018,5.068144709598197,2017,363,1
VZS_HARN,2019,6.320802662428728,2017,363,1
VZS_HARN,2020,7.2340338086944636,2017,363,1
VZS_HARN,2021,7.6816319503781045,2017,363,1
VZS_HARN,2022,8.317935837154907,2017,363,1
VZS_HARN,2023,8.529085732895549,2017,363,1
VZS_HARN,2024,9.044218711098791,2017,364,1
VZS_HARN,2025,9.111215601923243,2017,362,1
VZS_HARS,2017,1.0,2017,363,1
VZS_HARS,2018,1.0055329032416425,2017,363,1
VZS_HARS,2019,1.0711416629198491,2017,363,1
VZS_HARS,2020,1.131022949638059,2017,362,1
VZS_HARS,2021,1.1809297928112261,2017,363,1
VZS_HARS,2022,1.2122492759196826,2017,363,1
VZS_HARS,2023,1.2059973601496434,2017,363,1
VZS_HARS,2024,1.1936382651837394,2017,364,1
VZS_HARS,2025,1.1731273854232773,2017,362,1
VZS_HOFW,2017,1.0,2017,358,4
VZS_HOFW,2018,1.1162203812735694,2017,360,4
VZS_HOFW,2019,1.1641025782037155,2017,303,4
VZS_HOFW,2020,1.5620254782402594,2017,363,4
VZS_HOFW,2021,1.5251492708952072,2017,350,4
VZS_HOFW,2022,1.6010641597832325,2017,301,4
VZS_HOFW,2023,1.8608420069271223,2017,356,4
VZS_HOFW,2024,1.9773937048853396,2017,364,4
VZS_HOFW,2025,1.8749926157661352,2017,361,4
VZS_KLOW,2017,1.0,2017,363,1
VZS_KLOW,2018,0.7678446609832785,2017,363,1
VZS_KLOW,2019,0.6758189108158897,2017,363,1
VZS_LAFN,2022,1.0,2022,363,1
VZS_LAFN,2023,1.0329423313475448,2022,363,1
VZS_LAFN,2024,1.14965662722871,2022,364,1
VZS_LAFN,2025,1.1203912792993342,2022,360,1
VZS_LAFS,2022,1.0,2022,363,1
VZS_LAFS,2023,0.9218974758542333,2022,363,1
VZS_LAFS,2024,0.9844955576123356,2022,364,1
VZS_LAFS,2025,0.8952048982694489,2022,362,1
VZS_LANN,2017,1.0,2017,348,5
VZS_LANN,2018,0.9883625955018156,2017,307,5
VZS_LANN,2019,0.808182061189753,2017,252,5
VZS_LANN,2020,0.829259099300289,2017,362,5
VZS_LANN,2021,0.6506944197908425,2017,363,5
VZS_LANN,2022,0.6151406596356167,2017,363,5
VZS_LANN,2023,0.6152003152304361,2017,363,5
VZS_LANN,2024,0.6210400275042459,2017,364,5
VZS_LANN,2025,0.5980988271693335,2017,362,5
VZS_LANS,2017,1.0,2017,361,6
VZS_LANS,2018,1.013719835941333,2017,322,6
VZS_LANS,2019,1.0213732893051706,2017,363,6
VZS_LANS,2020,1.1123644045599632,2017,362,6
VZS_LANS,2022,0.9940393655611458,2017,301,6
VZS_LANS,2023,0.9998443587158073,2017,362,6
VZS_LANS,2024,1.061577502713379,2017,364,6
VZS_LANS,2025,0.950341984802662,2017,361,6
VZS_LIMB,2017,1.0,2017,363,2
VZS_LIMB,2018,1.0965539178075974,2017,362,2
VZS_LIMB,2019,1.1361809243135288,2017,295,2
VZS_LIMB,2020,1.3157812179614612,2017,362,2
VZS_LIMB,2021,1.2347546312421651,2017,363,2
VZS_LIMB,2022,1.2726329999524701,2017,363,2
VZS_LIMB,2023,1.23739652383451,2017,363,2
VZS_LIMB,2024,1.3945717783635072,2017,126,2
VZS_LIMC,2017,1.0,2017,363,3
VZS_LIMC,2018,1.0565375701614843,2017,362,3
VZS_LIMC,2019,1.0638121640447133,2017,363,3
VZS_LIMC,2020,1.017572420109817,2017,251,3
VZS_LIMC,2021,0.917418108089691,2017,363,3
VZS_LIMC,2022,0.9656771180374772,2017,363,3
VZS_LIMC,2023,2.6853038631309802,2017,236,3
VZS_LIMC,2024,2.939696469340232,2017,364,3
VZS_LIMC,2025,3.134484482676663,2017,361,3
VZS_LUXG,2017,1.0,2017,361,4
VZS_LUXG,2018,1.1090683640588532,2017,361,4
VZS_LUXG,2019,1.9794668245422653,2017,362,4
VZS_LUXG,2020,2.2588419281546277,2017,262,4
VZS_LUXG,2021,2.2666891114797894,2017,363,4
VZS_LUXG,2022,2.1911832864395806,2017,362,4
VZS_LUXG,2023,2.182165695003565,2017,363,4
VZS_LUXG,2024,2.194384368156619,2017,364,4
VZS_LUXG,2025,2.3856567783753495,2017,362,4
VZS_MILI,2017,1.0,2017,362,2
VZS_MILI,2018,1.0523479280064179,2017,363,2
VZS_MILI,2019,1.0456952140335658,2017,362,2
VZS_MILI,2020,0.9581784858867759,2017,362,2
VZS_MILI,2021,0.9117072733464883,2017,363,2
VZS_MILI,2022,0.9661366835352553,2017,363,2
VZS_MILI,2023,1.0348814658826806,2017,335,2
VZS_MILI,2024,1.0366514149437218,2017,363,2
VZS_MILI,2025,0.9139744782047183,2017,362,2
VZS_MUEH,2017,1.0,2017,363,3
VZS_MUEH,2018,1.0639093709528344,2017,277,3
VZS_MUEH,2019,1.1084752750070443,2017,363,3
VZS_MUEH,2020,1.319886984942019,2017,362,3
VZS_MUEH,2021,1.2768222705280508,2017,363,3
VZS_MUEH,2022,1.3763248735616707,2017,355,3
VZS_MUEH,2023,1.2947160944867102,2017,311,3
VZS_MUEH,2024,2.1959850546914597,2017,364,3
VZS_MUEH,2025,2.3392703066102745,2017,358,3
VZS_MYTH,2017,1.0,2017,360,3
VZS_MYTH,2018,1.0016091992577323,2017,309,3
VZS_MYTH,2019,0.4592408844715998,2017,292,3
VZS_MYTH,2020,0.6035058909688911,2017,363,3
VZS_MYTH,2021,0.5552796902075544,2017,355,3
VZS_MYTH,2022,0.4750170394482632,2017,128,3
VZS_MYTH,2023,2.196129271927321,2017,363,3
VZS_MYTH,2024,2.5994217546515217,2017,364,3
VZS_MYTH,2025,2.6166890650670442,2017,362,3
VZS_SAUM,2017,1.0,2017,340,2
VZS_SAUM,2018,0.9458085824311133,2017,361,2
VZS_SAUM,2019,0.8393032671400189,2017,304,2
VZS_SAUM,2020,0.6281570739602971,2017,319,2
VZS_SAUM,2021,0.925107098605084,2017,139,2
VZS_SAUM,2022,1.6835998058864405,2017,140,2
VZS_SCHE,2017,1.0,2017,314,2
VZS_SCHE,2018,1.075296653644813,2017,343,2
VZS_SCHE,2020,0.9696126636035701,2017,341,2
VZS_SCHE,2021,0.97367462762679,2017,319,2
VZS_SCHE,2022,1.0584750318210288,2017,357,2
VZS_SCHE,2023,1.032083521234825,2017,357,2
VZS_SCHE,2024,1.0514374648554679,2017,364,2
VZS_SCHE,2025,1.0435261866355532,2017,315,2
VZS_SCHU,2017,1.0,2017,352,4
VZS_SCHU,2018,1.2921881125992636,2017,363,4
VZS_SCHU,2019,1.4714460949746329,2017,267,4
VZS_SCHU,2020,1.555633675467578,2017,338,4
VZS_SCHU,2021,1.7540608584267672,2017,354,4
VZS_SCHU,2022,1.7338542438801585,2017,358,4
VZS_SCHU,2023,2.123717210386007,2017,359,4
VZS_SCHU,2024,2.5507986443110013,2017,364,4
VZS_SIHL,2017,1.0,2017,361,5
VZS_SIHL,2018,1.1317925240520095,2017,358,5
VZS_SIHL,2019,2.0451058486082743,2017,362,5
VZS_SIHL,2020,1.4596652708581896,2017,334,5
VZS_SIHL,2021,0.8192629712193424,2017,271,5
VZS_SIHL,2022,1.5242419771711613,2017,219,5
VZS_SIHL,2023,1.0447038790866314,2017,342,5
VZS_SIHL,2024,1.0443716383358546,2017,364,5
VZS_SIHL,2025,1.110086440256074,2017,323,5
VZS_TALS,2017,1.0,2017,363,2
VZS_TALS,2018,1.092926021999704,2017,360,2
VZS_TALS,2019,1.1825002736438741,2017,287,2
VZS_TALS,2020,1.751474963907084,2017,362,2
VZS_TALS,2021,1.9905650412194686,2017,232,2
VZS_TALS,2022,4.703487033873497,2017,363,2
VZS_TALS,2023,4.4430900728374985,2017,363,2
VZS_TALS,2024,3.8941167480392096,2017,364,2
VZS_TALS,2025,2.9451414291410885,2017,229,2
VZS_TANN,2024,1.0,2024,363,1
VZS_TANN,2025,1.1734656187159473,2024,312,1
VZS_TOED,2017,1.0,2017,198,2
VZS_TOED,2018,1.0346634209457017,2017,357,2
VZS_TOED,2019,1.1393907438981752,2017,363,2
VZS_TOED,2020,1.3129826009675132,2017,362,2
VZS_TOED,2023,1.1001379846656798,2017,357,2
VZS_TOED,2024,1.0722813851813813,2017,364,2
VZS_TOED,2025,1.1321973115620358,2017,363,2
VZS_ZOLL,2017,1.0,2017,363,2
VZS_ZOLL,2018,1.059938246001503,2017,361,2
VZS_ZOLL,2019,1.033255383686061,2017,353,2
VZS_ZOLL,2020,0.8326222429576147,2017,362,2
VZS_ZOLL,2021,0.8980673738688575,2017,363,2
