year,adjusted_index,ci_lo,ci_hi
2017,1.0,1.0,1.0
2018,1.1370060411160376,1.1179299842053243,1.1564076067369584
2019,1.2208606940964437,1.1937797438545314,1.2485559769820285
2020,1.47397628525164,1.4402074509511131,1.5085369042143442
2021,1.3565541653318451,1.3276203774454334,1.3861185281142725
2022,1.3715134760647376,1.342433912813868,1.4012229556122604
2023,1.3634427850435349,1.3339546248135337,1.3935828052225745
2024,1.3755537659111103,1.3452126116164829,1.406579262320866
2025,1.363461370985092,1.3333364533258563,1.3942669200496356
