quarter,site,median_counter,ratio
2011Q1,112.58426966292134,410.87640449438203,0.2740100634434478
2011Q2,309.38461538461536,957.1428571428571,0.3232376578645235
2011Q3,261.42857142857144,993.5434782608696,0.2631274595915867
2011Q4,139.82954545454547,553.3846153846154,0.25268057977607605
2012Q1,113.54444444444445,446.43333333333334,0.25433684262923417
2012Q2,230.26966292134833,854.9010989010989,0.2693524001985025
2012Q3,232.35164835164835,808.6733821733822,0.2873244668041162
2012Q4,113.32584269662921,403.1422466422466,0.2811063430848912
2013Q1,74.01123595505618,264.6133927418313,0.27969572963854045
2013Q2,226.1868131868132,905.4351648351649,0.24981006036803383
2013Q3,279.5869565217391,1168.625,0.2392443739623396
2013Q4,139.46153846153845,542.5164835164835,0.25706414956754237
2014Q1,155.2921348314607,510.8421052631579,0.3039924337314808
2014Q2,303.27472527472526,880.9560439560439,0.34425636483839983
2014Q3,296.2391304347826,869.1847826086956,0.3408241105483649
2014Q4,187.62222222222223,611.716049382716,0.30671456537972513
2015Q1,159.79775280898878,450.8809523809524,0.35441229434321847
2015Q2,456.9120879120879,906.065934065934,0.5042812788046378
2015Q3,491.44565217391306,1055.358695652174,0.4656669378842965
2015Q4,328.3296703296703,625.7444444444444,0.5247024935573686
2016Q1,224.38888888888889,402.22222222222223,0.5578729281767956
2016Q2,438.9222222222222,863.9955808080808,0.5080144296706998
2016Q3,529.2888888888889,1179.4285714285713,0.4487672265288545
2016Q4,283.4175824175824,638.3516483516484,0.44398347391977966
2017Q1,235.42696629213484,607.9886363636364,0.3872226423510432
2017Q2,563.4395604395604,1099.2582417582416,0.5125634168895109
2017Q3,520.3404255319149,1112.157608695652,0.467865724663049
2017Q4,319.1098901098901,642.2582417582418,0.49685604537560635
2018Q1,257.33720930232556,494.73870020429007,0.5201477248415467
2018Q2,651.7888888888889,1219.8626373626375,0.5343133471962604
2018Q3,631.551724137931,1277.2709627329193,0.49445399023761427
2018Q4,419.56756756756755,807.5187423687423,0.5195762594151379
2019Q1,210.75,586.65,0.3592431603170545
2019Q4,546.3456790123457,777.1208791208792,0.7030382192669965
2020Q1,568.685393258427,652.0449438202247,0.8721567411083541
2020Q2,1155.4615384615386,1169.131868131868,0.9883072816309652
2020Q3,1142.945652173913,1652.3399758454107,0.6917133694529972
2020Q4,656.8131868131868,796.1500000000001,0.8249867321650276
2021Q1,489.75280898876406,587.2134831460675,0.8340285484673376
2021Q2,907.0989010989011,1231.7692307692307,0.736419516285875
2021Q3,862.8913043478261,1328.945652173913,0.6493051863605507
2021Q4,593.6111111111111,842.054945054945,0.7049553174613532
2022Q1,597.438202247191,896.3370786516854,0.6665329555995688
2022Q2,985.4835164835165,1394.4883720930231,0.7066989845203078
2022Q3,890.1630434782609,1367.907608695652,0.6507479290411015
2022Q4,607.1888888888889,854.7967032967033,0.7103313414138557
2023Q1,560.6179775280899,816.3855421686746,0.6867073809744904
2023Q2,957.945054945055,1370.1978021978023,0.6991290260490183
2023Q3,904.1868131868132,1459.9673913043478,0.619319868767072
2023Q4,573.7912087912088,930.6428571428571,0.6165536052710816
2024Q1,604.7361111111111,892.5222222222221,0.6775586042053109
2024Q2,857.1159420289855,1274.901098901099,0.6722999476334098
2024Q3,966.065934065934,1488.2717391304348,0.6491193164968554
2024Q4,649.6813186813187,975.6043956043956,0.6659270105879702
2025Q1,691.6285714285714,904.9204545454545,0.7642976440133398
2025Q2,1263.6470588235295,1617.2527472527472,0.7813540963031949
2025Q3,905.875,1631.2527472527472,0.5553247352536984
