from,to,n_sites,ratio,cumulative
2012,2013,10,1.0317612762590544,1.0317612762590544
2013,2014,11,1.0546258339486692,1.0881220964106486
2014,2015,17,1.0786286221480614,1.173679637580278
2015,2016,20,1.0428955780696805,1.2240253041028972
2016,2017,20,1.044733925822051,1.2787807612609496
2017,2018,23,1.0833793594316559,1.385404681988413
2018,2019,21,1.0330254409215875,1.4311582824659121
2019,2020,19,1.0765728335646398,1.5407461274338303
2020,2021,17,0.9241737385278297,1.4239171087127989
2021,2022,14,1.0255976780037068,1.4603660803655982
2022,2023,17,1.005332428125356,1.4681533775258555
2023,2024,20,1.0361126656383028,1.5211723095541918
