,median_ratio_without_site
VZS_ANDR,1.7022333420381783
VZS_BASL,2.1631198379429986
VZS_BER2,1.930942837303279
VZS_BERT,2.0786157690066287
VZS_BINZ,1.7022333420381783
VZS_BUCH,1.930942837303279
VZS_FISC,1.5269296607526601
VZS_HARN,2.153710692501733
VZS_HARS,1.930942837303279
VZS_HOFW,1.7022333420381783
VZS_KLOW,1.5269296607526601
VZS_LAFN,2.1631198379429986
VZS_LAFS,2.1631198379429986
VZS_LANN,1.930942837303279
VZS_LANS,1.930942837303279
VZS_LIMC,1.930942837303279
VZS_LUXG,1.7962579300219108
VZS_MILI,2.1631198379429986
VZS_MUEH,2.068536155482372
VZS_MYTH,2.068536155482372
VZS_SCHE,2.068536155482372
VZS_SCHU,2.1631198379429986
VZS_SIHL,2.068536155482372
VZS_TALS,1.930942837303279
VZS_TANN,2.1631198379429986
VZS_TOED,2.1631198379429986
