site,swap,device,cf_before,cf_after,step_x,testable
VZS_ANDR,2019-03-13,ECO07091438,1.14,1.14,,False
VZS_ANDR,2019-10-11,Y2H19090841,1.14,1.14,,False
VZS_BERT,2018-12-21,ECO07111527,1.27,1.27,1.5381247830274696,True
VZS_BERT,2019-03-09,ECO09113506,1.27,1.27,0.7204876593089089,True
VZS_BINZ,2018-04-11,ECO09113500,1.22,1.22,1.086746406384174,True
VZS_BINZ,2018-10-10,ECO09113500,1.22,1.22,0.9714909217291365,True
VZS_BINZ,2019-03-15,ECO08011668,1.22,1.22,,False
VZS_BINZ,2019-06-19,ECO09113500,1.22,1.22,,False
VZS_BINZ,2022-12-08,Y2H21015036,1.22,1.22,,False
VZS_BUCH,2019-03-14,ECO07111527,1.27,1.27,,False
VZS_BUCH,2021-02-25,Y2H20114444,1.27,1.27,,False
VZS_HOFW,2019-03-14,ECO07101504,1.28,1.28,1.3108700205455273,True
VZS_HOFW,2019-06-19,ECO09113507,1.28,1.28,0.8214767989488571,True
VZS_HOFW,2023-01-20,Y2H23015384,1.28,1.28,0.9951281751566016,True
VZS_LANN,2017-07-25,Y2G13013264,0.96,0.96,1.0419269205657593,True
VZS_LANN,2017-09-08,Y2G12102807,0.96,0.96,1.1122525134457308,True
VZS_LANN,2018-10-30,Y2H18106793,0.96,0.96,1.0186948940671896,True
VZS_LANN,2019-11-08,Y2H19101255,0.96,0.96,2.043656204615293,True
VZS_LANS,2017-09-08,Y2G13013264,1.0,1.0,1.159246027512579,True
VZS_LANS,2017-10-03,Y2H16039396,1.0,1.0,1.1395121045315504,True
VZS_LANS,2018-04-24,Y2H16039396,1.0,1.0,1.0062700105097744,True
VZS_LANS,2018-06-27,Y2H16039396,1.0,1.0,0.935730073118195,True
VZS_LANS,2022-03-04,Y2H21111102,1.0,1.0,,False
VZS_LIMB,2019-08-10,Y2H19070585,1.47,1.47,1.1559083438281645,True
VZS_LIMC,2020-08-24,Y2H20083483,1.33,0.5,,False
VZS_LIMC,2023-07-27,Y2H20083483,0.5,1.0,0.4330643421000695,True
VZS_LUXG,2018-12-21,ECO08011668,1.0,1.0,0.9426151186055672,True
VZS_LUXG,2019-03-08,ECO09022739,1.0,1.0,1.237504393995164,True
VZS_LUXG,2020-02-14,Y2H19101198,1.0,1.0,0.9416055859032788,True
VZS_MILI,2023-03-23,Y2H23046072,0.95,0.95,1.0624330638989392,True
VZS_MUEH,2018-10-31,Y2H18106792,1.19,1.19,0.8431643241310799,True
VZS_MUEH,2023-12-21,Y2H18106792,1.19,1.24,0.9473392650750568,True
VZS_MYTH,2018-12-22,ECO07091438,1.2,1.2,0.8983300855894615,True
VZS_MYTH,2019-03-08,ECO09113499,1.2,1.2,0.8814045114302246,True
VZS_MYTH,2022-09-27,Y2H22073807,1.2,0.98,,False
VZS_SAUM,2020-02-14,Y2H20011946,1.27,1.27,,False
VZS_SCHE,2018-12-21,ECO06040592,1.05,1.05,,False
VZS_SCHE,2019-03-08,ECO09113501,1.05,1.05,,False
VZS_SCHE,2020-01-10,Y2H19111477,1.05,1.05,,False
VZS_SCHU,2019-03-15,ECO06040592,1.43,1.43,,False
VZS_SCHU,2019-06-19,ECO10053914,1.43,1.43,,False
VZS_SCHU,2023-03-23,Y2H23046073,1.43,1.43,1.2487233694872613,True
VZS_SCHU,2023-04-22,Y2H23046073,1.43,1.43,1.371526404115296,True
VZS_SIHL,2018-12-22,ECO07101504,1.09,1.09,0.9989768051933481,True
VZS_SIHL,2019-03-09,ECO09113503,1.09,1.09,1.0643089488306474,True
VZS_SIHL,2022-10-29,Y2H22063445,1.09,0.55,2.7207416115543985,True
VZS_SIHL,2023-01-20,Y2H23015383,0.55,1.09,0.8682664024105196,True
VZS_TALS,2019-12-04,Y2H19111476,1.35,1.35,0.7278900378939821,True
VZS_TANN,2023-10-06,ZLT23070240,1.46,1.0,,False
VZS_TOED,2017-05-22,Y2G13124877,1.41,1.41,,False
VZS_TOED,2022-12-03,Y2H22063445,1.41,1.41,,False
VZS_ZOLL,2019-07-23,Y2H19070283,1.49,1.49,1.6366239565495995,True
