year,official,fixed_panel_adjusted,median_corrected_all,mean_corrected_all,chain_linked,n_counters
2012,100.0,100.0,100.0,99.99999999999999,100.0,11
2013,101.0,101.48138701647127,92.65214669509027,100.2460877763729,103.17612762590545,11
2014,114.6,108.97418209775951,109.54265286930209,139.2186276047206,108.81220964106487,17
2015,128.5,124.3129015808637,126.23639914989842,149.54455974843017,117.3679637580278,21
2016,126.8,130.08478584393836,129.16064660352643,152.09069972423887,122.40253041028973,20
2017,136.2,138.82624782413478,152.7179617374634,176.66643952735842,127.87807612609497,23
2018,150.3,149.24956792040624,160.36599864097346,187.35376029884213,138.5404681988413,24
2019,156.6,158.09142155654393,149.76825825655794,186.79259866996625,143.1158282465912,21
2020,169.9,172.45732060031952,183.52957322970684,218.6490491349246,154.07461274338303,21
2021,163.5,159.46194043528973,169.55308433180844,194.04433746738462,142.39171087127988,19
2022,184.4,166.56969966423227,189.2379794512825,215.4381372462544,146.0366080365598,18
2023,188.0,176.83274032846134,189.84559039045874,209.25508628013688,146.81533775258555,21
2024,193.4,187.1338225364762,194.03519827445444,213.55909658423096,152.1172309554192,23
2025,207.6,193.66345679047922,232.07756001153996,231.3546657820157,,19
