site,from,to,rel_step_x,reverts_next_year
VZS_ANDR,2013,2014,1.3649085429986323,False
VZS_ANDR,2014,2015,1.4620450153097457,False
VZS_ANDR,2018,2020,1.5417092594596942,False
VZS_BASL,2022,2023,1.3739322779555163,False
VZS_BUCH,2018,2021,1.4008255255860882,False
VZS_FISC,2012,2014,1.6491634086208853,False
VZS_FISC,2015,2016,0.7850224771665134,False
VZS_HARN,2016,2017,0.5844084210142851,False
VZS_HARN,2017,2018,4.6089708893623405,False
VZS_HOFW,2013,2014,1.2507356592799823,False
VZS_KLOW,2012,2013,2.4019622102484153,True
VZS_KLOW,2013,2014,0.42244839246446453,False
VZS_KLOW,2017,2018,0.7618171714596285,False
VZS_LANN,2018,2019,0.7994222366526503,True
VZS_LANN,2020,2021,0.7970250337904701,False
VZS_LIMC,2019,2020,0.7904453880758001,True
VZS_LIMC,2022,2023,2.132497299713085,False
VZS_LIMC,2023,2024,0.6942091071198194,False
VZS_MILI,2019,2020,0.7716253816094721,False
VZS_MUEH,2014,2015,1.5240449205117108,False
VZS_SAUM,2019,2020,0.6033815020070191,False
VZS_SCHU,2014,2015,0.6460836318448265,False
VZS_SCHU,2016,2017,1.620139602569676,False
VZS_SCHU,2022,2023,1.5076760577530082,False
VZS_SIHL,2019,2020,0.6087523828652076,False
VZS_SIHL,2020,2021,0.5554524691572194,False
VZS_SIHL,2021,2022,2.1272594828327547,False
VZS_TALS,2021,2022,2.3922174151305686,False
VZS_TOED,2015,2016,0.6032162778389089,True
VZS_TOED,2016,2017,1.6775053063891145,False
VZS_ZOLL,2018,2019,1.2764003153855799,True
