,official,pooled_site_days_raw,pooled_site_days_corrected,mean_of_site_means_raw,median_of_site_means_raw,mean_of_site_means_corrected,median_of_site_means_corrected,mean_of_site_means_raw_250d,median_of_site_means_raw_250d,mean_of_site_means_corrected_250d,median_of_site_means_corrected_250d,n_sites,n_sites_250d
2012,100.0,100.0,99.99999999999999,100.0,100.0,100.0,100.0,100.0,100.0,99.99999999999999,100.0,12,11
2013,101.0,127.05672087912461,122.37709206242813,142.69795848550734,110.47662087398852,133.3724819624822,99.25426668223479,99.52275943049254,92.65214669509027,100.2460877763729,92.65214669509027,13,11
2014,114.6,144.5257426229102,143.0712256230018,144.4648152790834,127.67364387090552,144.7639240555936,136.70437707276434,141.2858586598972,102.16251850294026,139.2186276047206,109.54265286930209,21,17
2015,128.5,151.32097366240762,151.77600405188468,155.70396199420006,133.2262667493033,155.93439555293634,135.23163437823513,148.01625242166597,111.73132842807625,149.54455974843017,126.23639914989842,21,21
2016,126.8,165.46702072028538,163.03390383838172,172.7145508123459,133.91394937000513,167.8983108790235,138.36425512109182,151.00159160896405,112.3080592381687,152.09069972423887,129.16064660352643,24,20
2017,136.2,181.90235760007647,178.34517207645095,182.94072940763607,149.84283504018018,178.67077235435764,150.41225916474028,179.73520904650027,128.09653957738672,176.66643952735842,152.7179617374634,24,23
2018,150.3,188.89475592213145,186.52116200224035,199.74291591871886,167.42020680719023,195.35913185953495,171.7932089394054,189.88083208291124,140.40836367103594,187.35376029884213,160.36599864097346,24,24
2019,156.6,189.42273314897795,188.0711683603873,193.45533622633934,154.98954446050368,190.30327574044415,154.73779497828951,187.58570356376813,133.4921418113873,186.79259866996625,149.76825825655794,24,21
2020,169.9,227.76957369220588,221.8020006695089,212.2601369402308,182.02982337939804,204.36253854711717,177.31783378600292,224.47925461857494,168.1135086576132,218.6490491349246,183.52957322970684,24,21
2021,163.5,197.01233569596866,190.65946534256364,190.20137719770472,162.56493470908987,182.54447100493547,163.990998152859,198.98857667643836,153.08276939043182,194.04433746738462,169.55308433180844,25,19
2022,184.4,226.27008315547573,210.29622708485311,214.68083127927764,189.37011028915293,201.47501964331292,188.63445298285427,231.92346449004992,167.5138622895254,215.4381372462544,189.2379794512825,24,18
2023,188.0,231.36301372517673,215.93717090691973,238.26138697421266,196.8573958204013,219.34076500817312,216.3715039629421,218.77697634183767,158.01015064912403,209.25508628013688,189.84559039045874,24,21
2024,193.4,231.0786297848829,217.15377079929155,234.0640001274009,200.46624667498494,219.92544663591408,206.85361554823714,227.09281659516475,176.3956347949586,213.55909658423096,194.03519827445444,24,23
2025,207.6,259.73089767920555,239.3648938692097,254.20722304369366,216.85578569189596,234.48175445055017,214.42494012303752,251.295313000353,213.78528677605226,231.3546657820157,232.07756001153996,25,19
