standort_id,site_id,first_hour,last_hour,hours_present,hours_observed,partial_hours,dst_ambiguous_hours,zero_run_hours,outside_validity_hours,zero_hours_kept,coverage_of_span,device_id,coverage_type,correction_factor
5,VZS_LUXG,2009-12-02 00:00:00,2018-12-19 23:00:00,79044,79032,12,9,0,0,6184,0.996,ECO09022739,full,1.0
6,VZS_MYTH,2010-07-15 00:00:00,2018-12-19 23:00:00,71174,71157,17,9,0,0,4926,0.963,ECO09113499,full,1.2
7,VZS_BINZ,2010-12-16 00:00:00,2018-03-12 23:00:00,62919,62766,153,7,0,0,6522,0.989,ECO09113500,full,1.22
8,VZS_SCHE,2010-09-24 00:00:00,2018-12-19 23:00:00,71941,71878,63,9,0,0,5002,0.995,ECO09113501,full,1.05
9,VZS_ANDR,2010-12-16 00:00:00,2019-02-12 23:00:00,69683,69479,30,8,174,0,13496,0.971,ECO09113502,full,1.14
10,VZS_SIHL,2010-11-03 00:00:00,2018-12-19 23:00:00,70714,70702,12,8,0,0,2595,0.992,ECO09113503,full,1.09
12,VZS_BERT,2010-07-27 00:00:00,2018-12-19 23:00:00,73451,73343,108,9,0,0,1902,0.996,ECO09113506,full,1.27
13,VZS_HOFW,2010-09-23 02:00:00,2019-03-13 00:00:00,73318,73275,43,9,0,0,3730,0.987,ECO09113507,partial_cross_section,1.28
15,VZS_SCHU,2012-08-09 00:00:00,2019-03-13 23:00:00,57497,57489,8,7,0,0,13332,0.995,ECO10053914,full,1.43
16,VZS_BUCH,2014-06-26 01:00:00,2019-03-12 23:00:00,40357,40351,6,5,0,0,1854,0.977,ECO09113505,full,1.27
52,VZS_FISC,2010-07-10 00:00:00,2020-02-02 23:00:00,71574,70813,15,9,746,0,19405,0.844,Y0410090357,full,1.0
53,VZS_KLOW,2010-06-26 00:00:00,2020-02-02 23:00:00,84109,84093,16,10,0,0,47378,0.999,Y0412032046,full,0.94
54,VZS_MUEH,2010-09-24 00:00:00,2018-08-27 23:00:00,68608,68590,18,8,0,0,2501,0.987,Y2G12102806,full,1.19
55,VZS_LANN,2013-06-27 00:00:00,2017-07-10 23:00:00,35347,35343,4,4,0,0,18,0.998,Y2G12102807,partial_cross_section,0.96
56,VZS_SAUM,2014-03-11 00:00:00,2019-11-02 23:00:00,48486,48480,6,6,0,0,5137,0.979,Y2G13124875,full,1.27
57,VZS_ZOLL,2014-03-11 00:00:00,2019-07-16 23:00:00,45290,45285,5,5,0,0,1365,0.966,Y2G13124876,full,1.49
58,VZS_TOED,2014-03-11 00:00:00,2016-06-26 23:00:00,19444,19369,2,2,73,0,4124,0.962,Y2G13124877,full,1.41
59,VZS_TALS,2014-03-12 00:00:00,2019-09-18 23:00:00,48034,48029,5,5,0,0,2814,0.992,Y2G13124878,full,1.35
60,VZS_MILI,2014-03-12 00:00:00,2023-03-22 00:00:00,78859,78849,7,9,0,0,4710,0.996,Y2G13124879,full,0.95
61,VZS_LIMB,2014-06-25 00:00:00,2019-06-02 23:00:00,42991,42985,6,5,0,0,2960,0.993,Y2G14045587,full,1.47
62,VZS_LIMC,2014-06-25 00:00:00,2020-05-04 23:00:00,51107,51101,6,6,0,0,2579,0.994,Y2G14045586,full,1.33
722,VZS_LANS,2016-04-27 00:00:00,2017-09-07 23:00:00,11880,11879,1,1,0,0,43,0.992,Y2H16039396,partial_cross_section,1.0
732,VZS_HARN,2016-07-07 00:00:00,2026-09-28 23:00:00,88958,88948,4,10,0,0,4200,0.992,Y2H16069942,full,1.1
1037,VZS_HARS,2016-07-07 00:00:00,2026-09-28 23:00:00,88695,88685,4,10,0,0,525,0.989,Y2H16069943,full,1.03
1692,VZS_TOED,2017-05-24 00:00:00,2021-02-20 00:00:00,32086,32021,4,4,60,0,6452,0.975,Y2G13124877,full,1.41
1997,VZS_LANN,2017-07-26 00:00:00,2017-09-08 00:00:00,1057,1056,1,0,0,0,0,0.999,Y2G13013264,partial_cross_section,0.96
2319,VZS_LANN,2017-09-08 00:00:00,2018-09-05 23:00:00,8687,8686,1,1,0,0,1,0.997,Y2G12102807,partial_cross_section,0.96
2320,VZS_LANS,2017-09-08 00:00:00,2017-10-01 23:00:00,576,576,0,0,0,0,0,1.0,Y2G13013264,partial_cross_section,1.0
2637,VZS_LANS,2017-10-03 00:00:00,2018-03-25 23:00:00,4175,4174,1,1,0,0,17,1.0,Y2H16039396,partial_cross_section,1.0
2960,VZS_BINZ,2018-04-11 00:00:00,2018-09-27 23:00:00,4056,4056,0,0,0,0,304,0.994,ECO09113500,full,1.22
2962,VZS_LANS,2018-04-24 00:00:00,2018-06-15 00:00:00,1249,1248,1,0,0,0,0,0.999,Y2H16039396,partial_cross_section,1.0
2977,VZS_HOFW,2019-06-19 00:00:00,2023-01-13 23:00:00,29516,29512,1,4,0,0,1363,0.942,ECO09113507,partial_cross_section,1.28
2978,VZS_SCHU,2019-06-19 00:00:00,2023-03-22 00:00:00,31990,31982,4,4,0,0,5768,0.971,ECO10053914,full,1.43
2979,VZS_BINZ,2019-06-19 00:00:00,2022-05-30 23:00:00,24094,24091,1,3,0,0,2112,0.932,ECO09113500,full,1.22
2980,VZS_ZOLL,2019-07-24 00:00:00,2022-03-31 00:00:00,23494,23490,2,3,0,0,416,0.998,Y2H19070283,full,1.49
2982,VZS_LIMB,2019-08-10 00:00:00,2024-05-09 00:00:00,41564,41556,4,5,0,0,2754,0.999,Y2H19070585,full,1.47
2986,VZS_ANDR,2019-10-11 00:00:00,2025-08-11 23:00:00,48426,48408,13,6,0,0,4433,0.946,Y2H19090841,full,1.14
2989,VZS_LANN,2019-11-09 00:00:00,2026-09-28 23:00:00,60305,60299,0,6,0,0,108,0.999,Y2H19101255,partial_cross_section,0.96
2991,VZS_TALS,2019-12-05 00:00:00,2025-08-20 00:00:00,46795,46790,1,4,0,0,2461,0.935,Y2H19111476,full,1.35
2993,VZS_SCHE,2020-01-11 00:00:00,2026-09-20 23:00:00,55337,55329,2,6,0,0,3856,0.943,Y2H19111477,full,1.05
2996,VZS_SAUM,2020-02-14 00:00:00,2022-05-22 00:00:00,14446,14444,1,1,0,0,1752,0.727,Y2H20011946,full,1.27
2997,VZS_LUXG,2020-02-19 00:00:00,2026-09-28 23:00:00,55577,55571,1,5,0,0,3756,0.959,Y2H19101198,full,1.0
3003,VZS_BASL,2020-07-18 00:00:00,2026-02-22 23:00:00,48427,48422,0,5,0,0,2177,0.986,Y2H20063173,full,1.0
3008,VZS_LIMC,2020-08-24 00:00:00,2023-07-25 00:00:00,24333,22538,2,3,1790,0,1230,0.882,Y2H20083483,full,0.5
3012,VZS_BUCH,2021-02-27 00:00:00,2026-09-28 23:00:00,48927,48919,3,5,0,0,1371,0.999,Y2H20114444,full,1.27
3277,VZS_LANS,2018-06-27 00:00:00,2021-04-20 23:00:00,24645,24642,2,3,0,0,118,0.998,Y2H16039396,partial_cross_section,1.0
3282,VZS_BINZ,2018-10-11 00:00:00,2019-03-14 00:00:00,3697,3695,2,1,0,0,426,0.999,ECO09113500,full,1.22
3597,VZS_LANN,2018-11-01 00:00:00,2019-10-31 00:00:00,6288,6286,2,1,0,0,6,0.719,Y2H18106793,partial_cross_section,0.96
3598,VZS_MUEH,2018-11-15 00:00:00,2023-10-29 00:00:00,43172,43167,2,4,0,0,1874,0.994,Y2H18106792,full,1.19
3917,VZS_LUXG,2018-12-21 00:00:00,2019-03-07 00:00:00,1825,1824,1,0,0,0,158,0.999,ECO08011668,full,1.0
3918,VZS_SCHE,2018-12-21 00:00:00,2019-03-06 23:00:00,1680,2,1678,0,0,0,0,0.001,ECO06040592,full,1.05
3919,VZS_MYTH,2019-01-14 00:00:00,2019-03-06 23:00:00,1248,0,1248,0,0,0,0,0.0,ECO07091438,full,1.2
3920,VZS_BERT,2019-01-11 00:00:00,2019-03-07 23:00:00,1344,0,1344,0,0,0,0,0.0,ECO07111527,full,1.27
3921,VZS_SIHL,2018-12-22 00:00:00,2019-03-07 23:00:00,1824,1824,0,0,0,0,89,1.0,ECO07101504,full,1.09
3923,VZS_BERT,2019-03-09 00:00:00,2021-09-21 00:00:00,22006,22003,2,2,0,0,734,0.989,ECO09113506,full,1.27
3924,VZS_SIHL,2019-03-09 00:00:00,2022-10-11 23:00:00,26781,26322,1,3,456,0,1488,0.835,ECO09113503,full,1.09
3925,VZS_SCHE,2019-06-18 00:00:00,2019-07-02 23:00:00,360,360,0,0,0,0,12,1.0,ECO09113501,full,1.05
3926,VZS_LUXG,2019-03-08 00:00:00,2020-02-12 23:00:00,8207,8206,1,1,0,0,393,1.0,ECO09022739,full,1.0
3927,VZS_MYTH,2019-03-08 00:00:00,2022-03-03 00:00:00,26061,25228,3,3,830,0,2045,0.963,ECO09113499,full,1.2
3928,VZS_ANDR,2019-03-14 00:00:00,2019-07-13 23:00:00,2928,0,2928,0,0,0,0,0.0,ECO07091438,full,1.14
3929,VZS_SCHU,2019-03-15 00:00:00,2019-06-17 23:00:00,2280,0,2280,0,0,0,0,0.0,ECO06040592,full,1.43
3930,VZS_HOFW,2019-05-12 00:00:00,2019-06-17 23:00:00,888,888,0,0,0,0,33,1.0,ECO07101504,partial_cross_section,1.28
3932,VZS_BINZ,2019-05-07 00:00:00,2019-05-08 23:00:00,48,48,0,0,0,0,5,1.0,ECO08011668,full,1.22
4237,VZS_BUCH,2019-03-14 00:00:00,2019-06-18 00:00:00,2305,0,2305,0,0,0,0,0.0,ECO07111527,full,1.27
4241,VZS_LAFS,2021-09-09 00:00:00,2026-09-28 23:00:00,44275,44270,0,5,0,0,1928,0.999,Y2H21056105,partial_cross_section,1.0
4242,VZS_LAFN,2021-09-09 00:00:00,2026-09-28 23:00:00,44227,44222,0,5,0,0,1638,0.998,Y2H21056106,partial_cross_section,1.0
4249,VZS_LANS,2022-03-04 00:00:00,2026-09-27 23:00:00,40025,40021,0,4,0,0,44,0.999,Y2H21111102,partial_cross_section,1.0
4254,VZS_SIHL,2022-10-29 00:00:00,2022-11-29 00:00:00,745,743,1,1,0,0,17,0.997,Y2H22063445,full,0.55
4255,VZS_TOED,2022-12-03 00:00:00,2026-09-23 23:00:00,33164,33161,0,3,0,0,6563,0.993,Y2H22063445,full,1.41
4257,VZS_BINZ,2022-12-14 00:00:00,2025-04-10 00:00:00,20326,19436,1,2,887,0,1996,0.955,Y2H21015036,full,1.22
4258,VZS_HOFW,2023-01-20 00:00:00,2026-09-28 23:00:00,32272,32265,4,3,0,0,1014,0.997,Y2H23015384,partial_cross_section,1.28
4259,VZS_SIHL,2023-01-20 00:00:00,2026-08-18 23:00:00,28408,28401,4,3,0,0,777,0.905,Y2H23015383,full,1.09
4262,VZS_MILI,2023-04-20 00:00:00,2026-09-28 23:00:00,30165,30161,1,3,0,0,2300,0.999,Y2H23046072,full,0.95
4263,VZS_SCHU,2023-04-22 00:00:00,2025-04-01 00:00:00,17015,17012,1,2,0,0,1508,0.998,Y2H23046073,full,1.43
4264,VZS_SCHU,2023-03-23 00:00:00,2023-04-21 00:00:00,696,695,1,0,0,0,119,0.997,Y2H23046073,full,1.43
4266,VZS_BER2,2023-05-30 00:00:00,2026-09-28 23:00:00,29205,29194,8,3,0,0,369,0.999,Y2H21111040,full,1.08
4267,VZS_LIMC,2023-07-27 00:00:00,2026-09-28 23:00:00,27812,27808,1,3,0,0,94,0.999,Y2H20083483,full,1.0
4268,VZS_TANN,2023-09-19 00:00:00,2023-10-04 00:00:00,361,360,1,0,0,0,20,0.997,ZLT23070240,full,1.46
4269,VZS_TANN,2023-10-06 00:00:00,2026-09-28 23:00:00,25869,24884,0,3,983,0,1249,0.952,ZLT23070240,full,1.0
4270,VZS_MUEH,2023-12-21 00:00:00,2026-07-13 23:00:00,21741,21739,0,2,0,0,910,0.968,Y2H18106792,full,1.24
4272,VZS_TUNS,2025-05-06 00:00:00,2026-09-28 23:00:00,12263,12261,1,1,0,0,307,1.0,COM25020339,full,1.04
4273,VZS_TUNN,2025-05-22 00:00:00,2026-03-04 00:00:00,6865,6863,1,1,0,0,273,1.0,ZLT24091226,full,1.0
4274,VZS_ZEUG,2026-02-23 00:00:00,2026-09-28 23:00:00,5231,5231,0,0,0,0,111,1.0,ZLT26023054,full,1.0
4275,VZS_FLOE,2026-05-08 00:00:00,2026-09-28 23:00:00,3456,3456,0,0,0,0,206,1.0,ZLT26033391,full,1.0
5002,VZS_MYTH,2022-09-27 00:00:00,2026-09-15 23:00:00,34772,34768,0,4,0,0,2965,0.999,Y2H22073807,full,0.98
900417,KT_417,2021-01-01 00:00:00,2025-12-31 23:00:00,43819,43814,0,5,0,0,9367,1.0,417,full,1.0
900421,KT_421,2021-12-15 00:00:00,2025-12-31 23:00:00,35468,35464,0,4,0,0,3604,1.0,421,full,1.0
900521,KT_521,2021-12-15 00:00:00,2025-12-31 23:00:00,35468,35464,0,4,0,0,16754,1.0,521,full,1.0
900616,KT_616,2021-01-01 00:00:00,2025-12-31 23:00:00,43819,43751,0,5,63,0,6075,0.998,616,full,1.0
900619,KT_619,2021-11-04 00:00:00,2025-12-31 23:00:00,36452,36448,0,4,0,0,10296,1.0,619,full,1.0
900716,KT_716,2021-01-01 00:00:00,2025-12-31 23:00:00,43819,43814,0,5,0,0,6485,1.0,716,full,1.0
900721,KT_721,2022-04-29 01:00:00,2025-12-31 23:00:00,32228,32224,0,4,0,0,4376,1.0,721,full,1.0
900818,KT_818,2021-01-01 00:00:00,2025-12-31 23:00:00,43819,43814,0,5,0,0,3329,1.0,818,full,1.0
900821,KT_821,2022-04-29 01:00:00,2025-12-31 23:00:00,32228,32224,0,4,0,0,14399,1.0,821,full,1.0
900918,KT_918,2021-01-01 00:00:00,2025-12-31 23:00:00,43819,43814,0,5,0,0,4705,1.0,918,full,1.0
900919,KT_919,2021-01-01 00:00:00,2025-12-31 23:00:00,43819,43814,0,5,0,0,9423,1.0,919,full,1.0
901018,KT_1018,2021-01-01 00:00:00,2025-12-31 23:00:00,43819,43814,0,5,0,0,6535,1.0,1018,full,1.0
901519,KT_1519,2021-01-01 00:00:00,2025-12-31 23:00:00,42019,42014,0,5,0,0,1667,0.959,1519,full,1.0
901622,KT_1622,2022-10-20 01:00:00,2025-12-31 23:00:00,28052,28048,0,4,0,0,7405,1.0,1622,full,1.0
901819,KT_1819,2021-01-01 00:00:00,2025-12-31 23:00:00,43819,43814,0,5,0,0,3225,1.0,1819,full,1.0
902119,KT_2119,2021-01-01 00:00:00,2025-12-31 23:00:00,36956,36952,0,4,0,0,1022,0.843,2119,full,1.0
902121,KT_2121,2022-04-27 01:00:00,2025-12-31 23:00:00,29636,29041,0,4,591,0,9141,0.9,2121,full,1.0
902221,KT_2221,2022-04-27 01:00:00,2025-12-31 23:00:00,29636,29486,0,4,146,0,14355,0.913,2221,full,1.0
902222,KT_2222,2023-10-03 01:00:00,2025-12-31 23:00:00,19701,19698,0,3,0,0,4700,1.0,2222,full,1.0
902321,KT_2321,2021-11-16 00:00:00,2025-12-31 23:00:00,36164,36160,0,4,0,0,11242,1.0,2321,full,1.0
902322,KT_2322,2023-10-03 01:00:00,2025-12-31 23:00:00,19701,19642,0,3,56,0,4453,0.997,2322,full,1.0
902421,KT_2421,2021-09-25 01:00:00,2025-12-31 23:00:00,37411,37406,0,5,0,0,9319,1.0,2421,full,1.0
902521,KT_2521,2021-09-25 01:00:00,2025-12-31 23:00:00,37411,37329,0,5,77,0,11959,0.998,2521,full,1.0
902621,KT_2621,2021-10-09 01:00:00,2025-12-31 23:00:00,37075,37070,0,5,0,0,20125,1.0,2621,full,1.0
902622,KT_2622,2024-12-14 00:00:00,2025-08-08 00:00:00,5688,5688,0,0,0,0,862,1.0,2622,full,1.0
902721,KT_2721,2021-09-28 01:00:00,2025-12-31 23:00:00,34123,33991,0,5,127,0,12133,0.91,2721,full,1.0
903721,KT_3721,2022-04-22 01:00:00,2025-12-31 23:00:00,32396,32392,0,4,0,0,2155,1.0,3721,full,1.0
903821,KT_3821,2022-04-22 01:00:00,2025-12-31 23:00:00,32396,32392,0,4,0,0,11286,1.0,3821,full,1.0
905019,KT_5019,2021-01-01 00:00:00,2025-12-31 23:00:00,40027,40022,0,5,0,0,1760,0.913,5019,full,1.0
