event_id,publication_date,effective_date,type,actor,description,affected_geometry,affected_sites,source_url,confidence,notes
E001,2015,2015,policy,City of Zurich (voters),CHF 120 million framework credit for cycling infrastructure,citywide,,https://www.stadt-zuerich.ch/de/aktuell/medienmitteilungen/2024/09/schritt-fuer-schritt-zur-velostadt-jaehrlicher-bericht-zur-velofoerderung-liegt-vor.html,medium,Credit year from handoff; segment completion dates must be extracted from annual Bauprogramm Velo reports
E002,2020-09-27,2020-09-27,policy,City of Zurich (voters),Approval of the safe-cycle-routes (Velorouten) initiative,citywide,,https://www.stadt-zuerich.ch/de/aktuell/medienmitteilungen/2021/03/210319a.html,high,Policy event - not a construction date
E003,2021-03-19,2021-03,policy,Stadtrat Zurich,Velostrategie 2030 published,citywide,,https://www.stadt-zuerich.ch/de/aktuell/medienmitteilungen/2021/03/210319a.html,high,Policy event - not a construction date
E004,,2021-09-09,measurement,City of Zurich (TAZ),New roadway counters Langstrasse (Fahrbahn Nord/Sued) start; coverage of the cross-section changes,Langstrasse underpass,VZS_LAFN|VZS_LAFS|VZS_LANN|VZS_LANS,https://www.stadt-zuerich.ch/artikel/de/statistik-und-daten/automatische-zaehlungen-des-veloverkehrs.html,high,Start date from counter metadata (id1 4241/4242 von=2021-09-09); measurement-definition change
E005,,2021/2022-03,physical,City of Zurich,New on-road cycle lanes at Langstrasse; city reports ~23% of passages shifted to roadway,Langstrasse underpass,VZS_LAFN|VZS_LAFS|VZS_LANN|VZS_LANS,https://www.stadt-zuerich.ch/artikel/de/statistik-und-daten/automatische-zaehlungen-des-veloverkehrs.html,medium,Behavioural and measurement-definition issue at the same time
E006,,2023-03,physical,City of Zurich,Priority route Baslerstrasse/Bullingerstrasse opened,Baslerstrasse / Bullingerstrasse,VZS_BASL,https://www.stadt-zuerich.ch/artikel/de/statistik-und-daten/automatische-zaehlungen-des-veloverkehrs.html,medium,Exact opening day to be confirmed
E007,,2023,behaviour_observed,City of Zurich (TAZ),Weekday counts ~40% higher in 2023 than 2022 at Baslerstrasse,Baslerstrasse,VZS_BASL,https://www.stadt-zuerich.ch/artikel/de/statistik-und-daten/automatische-zaehlungen-des-veloverkehrs.html,medium,Observed before/after comparison - not a causal estimate
E008,2025-05,2025-05-22,physical,City of Zurich / SBB,Stadttunnel (cycle tunnel under Zurich HB) opened,Stadttunnel Nord/Sued,VZS_TUNN|VZS_TUNS,https://www.stadt-zuerich.ch/de/aktuell/medienmitteilungen/2025/05/eroeffnung-stadttunnel.html,high,Changes connectivity beneath HB; counter metadata shows VZS_TUNS from 2025-05-06 and VZS_TUNN from 2025-05-15 (pre-opening test readings possible)
E009,2025-05,2025-05-22,political_claim,Simone Brander (Stadtraetin),Frames Stadttunnel as a cycling milestone,Stadttunnel,,https://www.stadt-zuerich.ch/de/aktuell/medienmitteilungen/2025/05/eroeffnung-stadttunnel.html,high,Attributed statement
E010,2025-05,2025-05-22,political_claim,Baumer,Emphasises public-transport access of Stadttunnel,Stadttunnel,,https://www.stadt-zuerich.ch/de/aktuell/medienmitteilungen/2025/05/eroeffnung-stadttunnel.html,high,Attributed statement
E011,2024-09,2024,political_claim,City of Zurich,Annual cycling report: 4 km of marked priority routes,citywide,,https://www.stadt-zuerich.ch/de/aktuell/medienmitteilungen/2024/09/schritt-fuer-schritt-zur-velostadt-jaehrlicher-bericht-zur-velofoerderung-liegt-vor.html,high,Kilometre definition as used by the city in 2024 - do not equate with E012 without checking definition
E012,2025-11,2025,political_claim,City of Zurich,Annual cycling report: 4.3 km of marked priority routes,citywide,,https://www.stadt-zuerich.ch/de/aktuell/medienmitteilungen/2025/11/velofoerderung-nimmt-weiter-fahrt-auf.html,high,Kilometre definition as used by the city in 2025
E013,2026,2026,political_claim,Gruene Zurich (Fraktionserklaerung),Criticises slow delivery of priority routes and through-traffic on them,citywide,,https://gruenezuerich.ch/blog/fraktionserklaerungen/einen-gang-hoeher-schalten-velovorzugsrouten-konsequent-umsetzen,high,Attributed political statement
E014,,2021-01-18/2021-05-31,context,Swiss Federal Council,COVID-19 home-office obligation (confounder),national,,,low,Dates from memory - VERIFY against admin.ch before use; used as a model feature flag
E015,,2021-12-20/2022-02-03,context,Swiss Federal Council,COVID-19 home-office obligation reinstated (confounder),national,,,low,Dates from memory - VERIFY against admin.ch before use; used as a model feature flag
E016,,2020-03-16/2020-05-11,context,Swiss Federal Council,COVID-19 first lockdown (confounder; outside 2021-2025 panel),national,,,low,Dates from memory - VERIFY against admin.ch before use
