model,site,n,MAE,RMSE,bias,WAPE,mean_obs
ens,VZS_ANDR,3525.0,12.530782170151511,23.739530918633367,-9.939301109203715,0.3385218432410913,37.01617021276596
ens,VZS_BASL,8087.0,26.655567562322908,43.79178669361236,-26.040315599824044,0.5758189306456495,46.29157907753184
ens,VZS_BER2,8731.0,24.881759603344104,37.82136207788013,20.73820658289197,0.28239772968818516,88.10892223113045
ens,VZS_BUCH,8732.0,12.752030234239431,22.559958536395925,-6.414557167179789,0.20958125056301177,60.845281722400365
ens,VZS_HARN,8734.0,11.563147822500095,16.629869390782943,4.489491260783083,0.22374418849452415,51.68021525074422
ens,VZS_HARS,8734.0,51.80212589297571,72.64581689209015,-51.65204767756571,0.47722542441720633,108.54854591252577
ens,VZS_HOFW,8732.0,15.991679900538111,26.987549941927163,-13.977918622594425,0.3857376642693734,41.457398076042146
ens,VZS_LAFN,8686.0,19.507047629053048,25.957555211947334,18.701267408680916,0.433557609230992,44.99297720469721
ens,VZS_LAFS,8734.0,54.89393967772259,73.52841281194483,54.665869836032066,1.5345733069546554,35.771467826883445
ens,VZS_LANN,8734.0,47.36770562013256,67.67055684443163,-43.7111505906852,0.32205294942650503,147.08049003892833
ens,VZS_LANS,8733.0,38.69685077929651,58.72163006772008,-29.436065395855316,0.31473453530229367,122.95076147944577
ens,VZS_LIMC,8732.0,32.96419658915587,42.33576278277246,-31.723274427674074,0.3358007485157919,98.16594136509391
ens,VZS_LUXG,8734.0,14.332039773023734,21.058732270914042,4.540863303232042,0.2983628266413438,48.03560796885734
ens,VZS_MILI,8734.0,48.02336750619556,66.58194463646122,47.97843641387437,1.588815202672465,30.225898786352186
ens,VZS_MUEH,8638.0,34.55013921976022,55.754217386555524,-33.14221807764328,0.41221219517557695,83.81639268349154
ens,VZS_MYTH,8734.0,33.17542964164107,62.242858983982394,-28.962890299512615,0.4247804331013038,78.10018319212274
ens,VZS_SCHE,7606.0,21.461825466286218,37.789711936469814,-10.803791211995224,0.3424527078126039,62.67091769655535
ens,VZS_SCHU,2135.0,9.181961325296903,14.06252450104518,-5.6158191797067865,0.3934468124336957,23.337236533957846
ens,VZS_SIHL,7842.0,37.611312395124266,58.91401776190966,-37.09660752642901,0.4291287465228097,87.64575363427697
ens,VZS_TALS,5519.0,19.3418220539923,28.00883909905571,13.782529033394416,0.459067891661686,42.13281391556441
ens,VZS_TANN,7536.0,10.6114003559015,16.977446491629316,-2.7076057933455915,0.31958498252388357,33.2036889596603
ens,VZS_TOED,8758.0,36.46680891122391,48.37195489391744,36.430163927166795,2.6648002707092115,13.684631194336607
ens,VZS_TUNN,5375.0,42.257819477991454,74.62887173691401,-40.97969029372769,0.42176839945296485,100.192
ens,VZS_TUNS,5758.0,73.93940858369974,110.41308631132861,-69.51880314229652,0.5797629362760344,127.53386592566864
gbt,VZS_ANDR,3525.0,15.150886167615086,28.385386715052626,-13.490097487971504,0.4093045304397785,37.01617021276596
gbt,VZS_BASL,8087.0,26.655567562322908,43.79178669361236,-26.040315599824044,0.5758189306456495,46.29157907753184
gbt,VZS_BER2,8731.0,39.351985009581014,57.55463083355835,37.22454703191085,0.4466288318264918,88.10892223113045
gbt,VZS_BUCH,8732.0,20.74173750525194,35.417851273198,-19.301513480782994,0.3408931131239353,60.845281722400365
gbt,VZS_HARN,8734.0,11.776988647082572,16.660219908569616,3.348782462349436,0.227881958113806,51.68021525074422
gbt,VZS_HARS,8734.0,51.42770211865079,73.57809666629169,-51.21163798671242,0.47377605739734174,108.54854591252577
gbt,VZS_HOFW,8732.0,15.991679900538111,26.987549941927163,-13.977918622594425,0.3857376642693734,41.457398076042146
gbt,VZS_LAFN,8686.0,19.507047629053048,25.957555211947334,18.701267408680916,0.433557609230992,44.99297720469721
gbt,VZS_LAFS,8734.0,54.89393967772259,73.52841281194483,54.665869836032066,1.5345733069546554,35.771467826883445
gbt,VZS_LANN,8734.0,47.36770562013256,67.67055684443163,-43.7111505906852,0.32205294942650503,147.08049003892833
gbt,VZS_LANS,8733.0,38.69685077929651,58.72163006772008,-29.436065395855316,0.31473453530229367,122.95076147944577
gbt,VZS_LIMC,8732.0,28.165066302276458,37.66229582186719,-25.709259615368104,0.28691281223012305,98.16594136509391
gbt,VZS_LUXG,8734.0,14.332039773023734,21.058732270914042,4.540863303232042,0.2983628266413438,48.03560796885734
gbt,VZS_MILI,8734.0,28.344044309784003,39.865831751949834,27.960741805475244,0.9377403302422923,30.225898786352186
gbt,VZS_MUEH,8638.0,41.83370999607979,65.75815014536076,-40.853904217157634,0.499111315301444,83.81639268349154
gbt,VZS_MYTH,8734.0,33.052632905836795,61.93994443937646,-28.95432474140399,0.4232081354345724,78.10018319212274
gbt,VZS_SCHE,7606.0,23.074801396154,41.232047664973976,-15.75917267034202,0.3681899395167511,62.67091769655535
gbt,VZS_SCHU,2135.0,11.506653903030706,17.031743681593277,-9.678598395277584,0.4930598310681497,23.337236533957846
gbt,VZS_SIHL,7842.0,53.6913884506404,78.07540383636625,-53.59233318971619,0.6125954335983083,87.64575363427697
gbt,VZS_TALS,5519.0,15.868352681044563,22.975672782937124,8.39931442004497,0.37662693768437305,42.13281391556441
gbt,VZS_TANN,7536.0,12.966806969487843,20.06598784097275,-10.615805328043349,0.3905230826984745,33.2036889596603
gbt,VZS_TOED,8758.0,35.72654193123435,47.892907053391255,35.680045693328694,2.6107055004902,13.684631194336607
gbt,VZS_TUNN,5375.0,49.39928002548508,84.2855621655008,-48.12447866643508,0.4930461516436949,100.192
gbt,VZS_TUNS,5758.0,78.6042783772294,117.00061533794347,-75.14968950892253,0.6163404348068836,127.53386592566864
idw,VZS_ANDR,3525.0,9.668077183628029,15.107634394477884,0.7130880270996511,0.2611852368318144,37.01617021276596
idw,VZS_BASL,8087.0,15.355580905726502,21.407497922994917,14.018913384637564,0.33171434657711885,46.29157907753184
idw,VZS_BER2,8731.0,29.14399122289534,39.57785876534557,-28.720814764164693,0.3307723041537585,88.10892223113045
idw,VZS_BUCH,8732.0,11.949473542994475,20.033812272183447,-2.1189050626453865,0.19639112852681956,60.845281722400365
idw,VZS_HARN,8734.0,11.746120562771868,17.17937574783853,4.869727526927632,0.22728466794848962,51.68021525074422
idw,VZS_HARS,8734.0,51.955146519227974,72.42260414619618,-51.798850907850145,0.47863512203190833,108.54854591252577
idw,VZS_HOFW,8732.0,15.724280010330911,21.326840258734098,10.86953301672697,0.3792876721662335,41.457398076042146
idw,VZS_LAFN,8686.0,20.82854316295139,32.99850286338474,19.4567938017954,0.4629287603750062,44.99297720469721
idw,VZS_LAFS,8734.0,30.255148865394865,46.640113896203665,29.333642979712018,0.8457899746193003,35.771467826883445
idw,VZS_LANN,8734.0,82.22740934965023,108.46642301009253,-82.05524126367739,0.5590640154101119,147.08049003892833
idw,VZS_LANS,8733.0,59.346043318762305,83.28309993213738,-57.83981821021261,0.482681380779276,122.95076147944577
idw,VZS_LIMC,8732.0,50.22266758295189,60.372184757659625,-49.76531886459199,0.5116099014032396,98.16594136509391
idw,VZS_LUXG,8734.0,15.722554082878919,21.386522836904003,12.251102760389504,0.3273104005068955,48.03560796885734
idw,VZS_MILI,8734.0,54.6815540210051,76.4424532866156,54.65100128334073,1.8090960473173856,30.225898786352186
idw,VZS_MUEH,8638.0,27.839811183452596,46.50105451137127,-25.430531938128926,0.33215234266382254,83.81639268349154
idw,VZS_MYTH,8734.0,33.61425963559066,62.75511934000677,-28.971455857621244,0.43039924186734857,78.10018319212274
idw,VZS_SCHE,7606.0,22.0162865183358,33.63190251136313,4.062353163045168,0.35129989040428405,62.67091769655535
idw,VZS_SCHU,2135.0,10.79078641224015,16.92136294184021,6.57251846700561,0.4623849270473201,23.337236533957846
idw,VZS_SIHL,7842.0,23.95521380424157,41.37797151656062,-20.600881863141836,0.2733185900163569,87.64575363427697
idw,VZS_TALS,5519.0,32.687761275795246,50.15954951307584,29.932172873442752,0.7758266832427245,42.13281391556441
idw,VZS_TANN,7536.0,22.955481104644583,37.61274550224822,21.016992810747684,0.6913533352433693,33.2036889596603
idw,VZS_TOED,8758.0,38.69632639663101,50.189596571607076,38.68051862868112,2.827721540105919,13.684631194336607
idw,VZS_TUNN,5375.0,35.23990204350242,65.49492009469259,-33.83490192102031,0.3517237109100768,100.192
idw,VZS_TUNS,5758.0,60.251380394119245,91.73705596492522,-52.62614404241848,0.4724343605269202,127.53386592566864
