id,gem,lon,lat,yr,n_hours,total,dist_km,ring,daily
5122,Uster,8.715987827904078,47.348286292175885,2024,8784,68479.0,12.615500301469098,>10 km,187.10109289617486
417,Bassersdorf,8.609357278327932,47.447277642868045,2025,8760,41207.0,5.357987314555864,3-6 km,112.8958904109589
2421,Zürich,8.576710833269802,47.41028772869668,2023,8760,66056.0,1.33965788785922,0-3 km,180.9753424657534
317,Bassersdorf,8.63824110931328,47.43555321204677,2023,7992,84580.0,6.457635252173338,6-10 km,253.993993993994
417,Bassersdorf,8.609357278327932,47.447277642868045,2023,8760,39388.0,5.357987314555864,3-6 km,107.91232876712328
1622,Niederhasli,8.514882665174094,47.464104672303826,2024,8784,52756.0,5.646433349729955,3-6 km,144.14207650273224
1418,Ottenbach,8.400772612668456,47.287294853926134,2023,8760,14191.0,11.63326096719798,>10 km,38.87945205479452
316,Greifensee,8.673916544802049,47.36663228864788,2022,8760,385001.0,9.209822042282314,6-10 km,1054.7972602739726
721,Urdorf,8.417585785973165,47.39379144012805,2022,5928,88725.0,5.441423229716368,3-6 km,359.2105263157895
2621,Opfikon,8.566772635939039,47.4341547159466,2025,8760,14912.0,2.4100081669725655,0-3 km,40.85479452054795
2721,Opfikon,8.566130782625653,47.43426747687456,2025,7896,63560.0,2.4114284823044283,0-3 km,193.19148936170214
2219,Bassersdorf,8.637513333756722,47.43703186280034,2021,8760,68255.0,6.472856995696505,6-10 km,187.0
1820,Buchs (ZH),8.430805757261224,47.45731364005341,2022,8760,41619.0,8.383164920611499,6-10 km,114.02465753424657
317,Bassersdorf,8.63824110931328,47.43555321204677,2025,8760,102656.0,6.457635252173338,6-10 km,281.24931506849316
1018,Dietikon,8.425201763723665,47.40182598918666,2021,8760,79153.0,5.021331575225003,3-6 km,216.85753424657534
3721,Oberengstringen,8.477010467790805,47.40523168600978,2022,6096,112791.0,1.842993728637631,0-3 km,444.0590551181102
5022,Uster,8.713208893106954,47.356089898643745,2023,8760,128195.0,12.298276199220416,>10 km,351.2191780821918
2421,Zürich,8.576710833269802,47.41028772869668,2025,8760,136378.0,1.33965788785922,0-3 km,373.63835616438354
2621,Opfikon,8.566772635939039,47.4341547159466,2023,8760,11307.0,2.4100081669725655,0-3 km,30.97808219178082
2721,Opfikon,8.566130782625653,47.43426747687456,2023,8760,69870.0,2.4114284823044283,0-3 km,191.42465753424656
616,Regensdorf,8.48300241052553,47.43220854007845,2024,8784,118768.0,3.616489833828252,3-6 km,324.5027322404372
716,Regensdorf,8.482434445375365,47.432607476761845,2024,8784,77969.0,3.6781369705816442,3-6 km,213.03005464480876
1418,Ottenbach,8.400772612668456,47.287294853926134,2025,8760,17192.0,11.63326096719798,>10 km,47.1013698630137
1819,Kloten,8.57484272502061,47.44055282990827,2022,8760,107430.0,3.2716030614647367,3-6 km,294.32876712328766
1519,Opfikon,8.556804991988871,47.42763385838175,2024,8784,199604.0,1.613717121383233,0-3 km,545.3661202185792
5022,Uster,8.713208893106954,47.356089898643745,2025,8760,83052.0,12.298276199220416,>10 km,227.53972602739725
2321,Dübendorf,8.61557886174752,47.3998523384528,2022,8760,65920.0,4.391470648866015,3-6 km,180.6027397260274
3821,Oberengstringen,8.477028378861737,47.40533435725889,2022,6096,13345.0,1.8500069130008905,0-3 km,52.539370078740156
1119,Uster,8.707017411776397,47.33690884743389,2023,8760,287327.0,12.202506995801045,>10 km,787.1972602739726
423,Flurlingen,8.630099146044284,47.67640325977847,2025,8760,36383.0,29.75977728262911,>10 km,99.67945205479452
421,Schlieren,8.431834287121596,47.3971858769674,2021,408,562.0,4.420017709261763,3-6 km,33.05882352941177
623,Horgen,8.618768697184699,47.25356483617389,2023,1344,559.0,12.526933046406368,>10 km,9.982142857142858
2121,Dübendorf,8.62386913197892,47.39671564482482,2024,6144,21641.0,5.0547063462764825,3-6 km,84.53515625
3121,Uster,8.734265974062588,47.34298278895676,2024,8784,103172.0,14.072755915730992,>10 km,281.89071038251365
2020,Dietikon,8.408313640461962,47.4076769495609,2021,8760,241971.0,6.427680727805933,6-10 km,662.9342465753425
2322,Adliswil,8.528720225584886,47.32171093148535,2024,8784,43934.0,2.8472871232245405,0-3 km,120.03825136612022
617,Seuzach,8.709725029016953,47.53619017595908,2024,8784,129606.0,17.77401340361377,>10 km,354.11475409836066
217,Steinmaur,8.453936758763508,47.508913483065086,2024,8784,19869.0,11.813227422189799,>10 km,54.28688524590164
2320,Thalwil,8.569007618766147,47.28561041125142,2024,8784,15586.0,7.562450145692103,6-10 km,42.58469945355191
1119,Uster,8.707017411776397,47.33690884743389,2025,8760,313367.0,12.202506995801045,>10 km,858.5397260273973
4121,Laufen-Uhwiesen,8.613380232952984,47.673221616098864,2025,8760,66345.0,29.210029227156255,>10 km,181.76712328767124
1620,Langnau am Albis,8.542439853880055,47.2908742855491,2024,8784,67531.0,6.3821308518556075,6-10 km,184.51092896174865
2622,Dübendorf,8.613761692170693,47.39227237259006,2025,5256,68740.0,4.356541341881901,3-6 km,313.8812785388128
823,Urdorf,8.4084088094448,47.39486801522495,2024,4752,28037.0,6.141570857989998,6-10 km,141.6010101010101
319,Bülach,8.533492462580027,47.55116985015401,2021,1368,5674.0,15.304863178001716,>10 km,99.54385964912281
4121,Laufen-Uhwiesen,8.613380232952984,47.673221616098864,2023,8760,65367.0,29.210029227156255,>10 km,179.08767123287672
623,Horgen,8.618768697184699,47.25356483617389,2025,8760,9009.0,12.526933046406368,>10 km,24.682191780821917
2220,Wetzikon (ZH),8.785919860482634,47.3245953998247,2021,6984,128829.0,18.319739048834457,>10 km,442.7113402061856
416,Uster,8.690353050057764,47.37411687018186,2022,8760,131198.0,10.341472204803866,>10 km,359.44657534246574
516,Winterthur,8.7073069629575,47.45885373814766,2025,8760,69710.0,12.268925742036442,>10 km,190.986301369863
819,Hagenbuch,8.894584867040798,47.51093782793905,2021,8760,58295.0,27.521182273843337,>10 km,159.7123287671233
516,Winterthur,8.7073069629575,47.45885373814766,2023,8760,63607.0,12.268925742036442,>10 km,174.26575342465753
1420,Illnau-Effretikon,8.692876288792169,47.43528685801001,2021,8760,62184.0,10.375154023048072,>10 km,170.36712328767123
1222,Dürnten,8.863074324117479,47.276449203811765,2022,2280,6427.0,25.56550292914535,>10 km,67.65263157894736
4721,Erlenbach (ZH),8.598227887279505,47.29494341657199,2023,8760,100623.0,7.937336758144401,6-10 km,275.6794520547945
521,Schlieren,8.43183349495265,47.39704167731008,2024,8784,10178.0,4.417279523428436,3-6 km,27.808743169398905
1923,Obfelden,8.432501070212979,47.268176277840766,2025,8760,27576.0,11.324804844935754,>10 km,75.55068493150685
817,Hinwil,8.810469592310504,47.310180758813694,2022,8760,108717.0,20.540628496191506,>10 km,297.85479452054796
517,Illnau-Effretikon,8.684250894584656,47.41502653655826,2022,8760,54505.0,9.43043495208622,6-10 km,149.32876712328766
5120,Dietikon,8.408342532383397,47.4078045213325,2023,8760,92342.0,6.429907010233122,6-10 km,252.9917808219178
1722,Meilen,8.66363651989207,47.26302751841858,2024,8784,117228.0,13.95422100671802,>10 km,320.2950819672131
4621,Pfungen,8.65126129022217,47.517824245409564,2025,8760,101666.0,13.553089829816088,>10 km,278.53698630136984
4721,Erlenbach (ZH),8.598227887279505,47.29494341657199,2025,8760,183304.0,7.937336758144401,6-10 km,502.2027397260274
619,Dübendorf,8.590938291402205,47.38349604015004,2021,1392,2841.0,2.7627707332699574,0-3 km,48.98275862068966
818,Schlieren,8.463266240398779,47.3988475973946,2022,8760,205564.0,2.2004767262811975,0-3 km,563.1890410958904
1521,Dietikon,8.385593011077008,47.414325881998515,2023,8760,8933.0,8.287826362661662,6-10 km,24.473972602739725
919,Zürich,8.614460266290095,47.362518212561255,2024,8784,104855.0,4.806389340994386,3-6 km,286.4890710382514
2019,Hausen am Albis,8.526197639335605,47.2440848607042,2024,8784,40039.0,11.474217709825302,>10 km,109.39617486338798
920,Neftenbach,8.681019747632872,47.543434278583355,2025,8760,74693.0,17.152833231772437,>10 km,204.63835616438357
5222,Uster,8.715707530832455,47.34833225883762,2025,8760,319651.0,12.593803931745372,>10 km,875.7561643835617
820,Bubikon,8.820789361178603,47.259813779676676,2021,6960,70626.0,23.508207284752164,>10 km,243.53793103448277
920,Neftenbach,8.681019747632872,47.543434278583355,2023,8760,64694.0,17.152833231772437,>10 km,177.24383561643836
821,Urdorf,8.418076656322805,47.39402369041852,2024,8784,15412.0,5.40644024911365,3-6 km,42.10928961748634
1521,Dietikon,8.385593011077008,47.414325881998515,2025,8760,16542.0,8.287826362661662,6-10 km,45.320547945205476
5222,Uster,8.715707530832455,47.34833225883762,2023,576,14698.0,12.593803931745372,>10 km,612.4166666666666
1920,Otelfingen,8.383240866305414,47.45974445606183,2024,8784,64246.0,11.139086688973201,>10 km,175.53551912568307
4921,Pfäffikon,8.758300837654097,47.35988567435031,2024,8784,86960.0,15.628255470755192,>10 km,237.59562841530055
1322,Uster,8.731001032636817,47.34517430738606,2025,8760,154608.0,13.789258496124623,>10 km,423.5835616438356
2422,Bauma,8.915409274016852,47.36074252699541,2022,6072,51484.0,27.39533254047906,>10 km,203.49407114624506
1322,Uster,8.731001032636817,47.34517430738606,2023,8760,118402.0,13.789258496124623,>10 km,324.38904109589043
5120,Dietikon,8.408342532383397,47.4078045213325,2025,8760,115217.0,6.429907010233122,6-10 km,315.66301369863015
2521,Opfikon,8.571643871630542,47.423625596636036,2024,8784,78099.0,1.4965628062062064,0-3 km,213.38524590163934
5019,Opfikon,8.556643310627342,47.42775502679132,2024,8784,165268.0,1.6269012401311271,0-3 km,451.551912568306
4221,Knonau,8.462809713620338,47.22800969883173,2025,8760,67280.0,14.118113186287786,>10 km,184.32876712328766
5020,Langnau am Albis,8.542384689352799,47.29084150368098,2022,8760,5460.0,6.384943554536294,6-10 km,14.95890410958904
918,Schlieren,8.458328262231733,47.403695429155505,2023,8760,163330.0,2.7903492894134705,0-3 km,447.47945205479454
221,Dietikon,8.384127570802322,47.412219586298654,2022,8760,60644.0,8.320705922083521,6-10 km,166.14794520547946
4221,Knonau,8.462809713620338,47.22800969883173,2023,8760,59270.0,14.118113186287786,>10 km,162.3835616438356
918,Schlieren,8.458328262231733,47.403695429155505,2025,8760,175127.0,2.7903492894134705,0-3 km,479.8
924,Volketswil,8.68258355502591,47.38326694539916,2025,2880,30341.0,9.635874504265137,6-10 km,252.84166666666667
2119,Schlieren,8.47025218235027,47.39458729016097,2021,4824,121014.0,1.5311636207539083,0-3 km,602.0597014925373
1120,Wetzikon (ZH),8.793200852368772,47.31334909313929,2024,8784,110842.0,19.18916809287701,>10 km,302.8469945355191
1621,Dietikon,8.385425182585728,47.41408570292136,2025,8760,31949.0,8.29122496501889,6-10 km,87.53150684931506
3321,Benken (ZH),8.651350355149289,47.64745414041033,2023,8760,27635.0,26.96563357022158,>10 km,75.71232876712328
2921,Elgg,8.872689413517552,47.496070829339295,2024,8784,41168.0,25.369061572106567,>10 km,112.48087431693989
3321,Benken (ZH),8.651350355149289,47.64745414041033,2025,8760,28247.0,26.96563357022158,>10 km,77.3890410958904
419,Bülach,8.534447565380754,47.55080829993703,2021,1392,5039.0,15.266327716831162,>10 km,86.87931034482759
1021,Dietikon,8.40867342572732,47.40115636377672,2021,408,3223.0,6.22014811533813,6-10 km,189.58823529411765
1121,Dietikon,8.408571919288622,47.40104930237554,2023,8760,38606.0,6.225343608389918,6-10 km,105.76986301369863
1621,Dietikon,8.385425182585728,47.41408570292136,2023,8760,17745.0,8.29122496501889,6-10 km,48.61643835616438
1121,Dietikon,8.408571919288622,47.40104930237554,2025,8760,40566.0,6.225343608389918,6-10 km,111.13972602739726
1719,Obfelden,8.40514407485049,47.26457271054281,2024,8784,55633.0,13.00998892972563,>10 km,152.00273224043715
5023,Uster,8.704512706824287,47.347789673174134,2024,8784,145755.0,11.76687507232089,>10 km,398.23770491803276
920,Neftenbach,8.681019747632872,47.543434278583355,2021,8760,68752.0,17.152833231772437,>10 km,188.36164383561643
2019,Hausen am Albis,8.526197639335605,47.2440848607042,2022,8760,39468.0,11.474217709825302,>10 km,108.13150684931507
521,Schlieren,8.43183349495265,47.39704167731008,2022,8760,12459.0,4.417279523428436,3-6 km,34.134246575342466
2221,Dübendorf,8.623468713353692,47.39677932213902,2025,8760,38361.0,5.023845049978679,3-6 km,105.0986301369863
1420,Illnau-Effretikon,8.692876288792169,47.43528685801001,2023,8760,63490.0,10.375154023048072,>10 km,173.94520547945206
5021,Uster,8.710790512027671,47.362337284960574,2024,8784,53279.0,12.03260870640329,>10 km,145.57103825136613
820,Bubikon,8.820789361178603,47.259813779676676,2025,8760,82194.0,23.508207284752164,>10 km,225.18904109589042
5120,Dietikon,8.408342532383397,47.4078045213325,2021,8760,96846.0,6.429907010233122,6-10 km,265.3315068493151
817,Hinwil,8.810469592310504,47.310180758813694,2024,8784,107456.0,20.540628496191506,>10 km,293.59562841530055
2221,Dübendorf,8.623468713353692,47.39677932213902,2023,8760,12577.0,5.023845049978679,3-6 km,34.45753424657534
619,Dübendorf,8.590938291402205,47.38349604015004,2023,8760,34529.0,2.7627707332699574,0-3 km,94.6
4921,Pfäffikon,8.758300837654097,47.35988567435031,2022,5448,60362.0,15.628255470755192,>10 km,265.91189427312776
820,Bubikon,8.820789361178603,47.259813779676676,2023,8760,75930.0,23.508207284752164,>10 km,208.02739726027397
724,Hochfelden,8.503908749522976,47.523535823190684,2025,8760,35188.0,12.305695561805758,>10 km,96.40547945205479
919,Zürich,8.614460266290095,47.362518212561255,2022,8760,78354.0,4.806389340994386,3-6 km,214.66849315068492
1222,Dürnten,8.863074324117479,47.276449203811765,2024,8784,32660.0,25.56550292914535,>10 km,89.23497267759562
619,Dübendorf,8.590938291402205,47.38349604015004,2025,8760,36126.0,2.7627707332699574,0-3 km,98.97534246575343
1920,Otelfingen,8.383240866305414,47.45974445606183,2022,8760,61264.0,11.139086688973201,>10 km,167.84657534246574
2422,Bauma,8.915409274016852,47.36074252699541,2024,8784,66541.0,27.39533254047906,>10 km,181.80601092896174
517,Illnau-Effretikon,8.684250894584656,47.41502653655826,2024,8784,35817.0,9.43043495208622,6-10 km,97.86065573770492
818,Schlieren,8.463266240398779,47.3988475973946,2024,8784,251084.0,2.2004767262811975,0-3 km,686.0218579234972
1420,Illnau-Effretikon,8.692876288792169,47.43528685801001,2025,8760,70203.0,10.375154023048072,>10 km,192.33698630136988
821,Urdorf,8.418076656322805,47.39402369041852,2022,5928,16625.0,5.40644024911365,3-6 km,67.3076923076923
1722,Meilen,8.66363651989207,47.26302751841858,2022,1728,14842.0,13.95422100671802,>10 km,206.13888888888889
1819,Kloten,8.57484272502061,47.44055282990827,2021,8760,215295.0,3.2716030614647367,3-6 km,589.8493150684932
2022,Egg,8.691064023775985,47.294330584947886,2022,1632,5402.0,13.172504694203958,>10 km,79.44117647058823
2621,Opfikon,8.566772635939039,47.4341547159466,2024,8784,12311.0,2.4100081669725655,0-3 km,33.63661202185792
2721,Opfikon,8.566130782625653,47.43426747687456,2024,8784,70956.0,2.4114284823044283,0-3 km,193.86885245901638
4821,Erlenbach (ZH),8.5980957088986,47.294946173058264,2022,1392,739.0,7.930319982312259,6-10 km,12.741379310344827
317,Bassersdorf,8.63824110931328,47.43555321204677,2024,8784,101322.0,6.457635252173338,6-10 km,276.8360655737705
417,Bassersdorf,8.609357278327932,47.447277642868045,2024,8784,37171.0,5.357987314555864,3-6 km,101.56010928961749
1018,Dietikon,8.425201763723665,47.40182598918666,2022,8760,89578.0,5.021331575225003,3-6 km,245.4191780821918
616,Regensdorf,8.48300241052553,47.43220854007845,2023,8760,110908.0,3.616489833828252,3-6 km,303.85753424657537
716,Regensdorf,8.482434445375365,47.432607476761845,2023,8760,78417.0,3.6781369705816442,3-6 km,214.84109589041097
5022,Uster,8.713208893106954,47.356089898643745,2024,8784,71489.0,12.298276199220416,>10 km,195.32513661202185
316,Greifensee,8.673916544802049,47.36663228864788,2021,8760,391224.0,9.209822042282314,6-10 km,1071.8465753424657
1321,Dietikon,8.394331505585154,47.40756852142189,2022,4080,85417.0,7.437353832715449,6-10 km,502.4529411764706
2421,Zürich,8.576710833269802,47.41028772869668,2024,8784,100342.0,1.33965788785922,0-3 km,274.1584699453552
1519,Opfikon,8.556804991988871,47.42763385838175,2023,8760,195601.0,1.613717121383233,0-3 km,535.8931506849315
1622,Niederhasli,8.514882665174094,47.464104672303826,2025,8760,58204.0,5.646433349729955,3-6 km,159.46301369863014
616,Regensdorf,8.48300241052553,47.43220854007845,2025,8760,128701.0,3.616489833828252,3-6 km,352.6054794520548
1622,Niederhasli,8.514882665174094,47.464104672303826,2023,8760,56420.0,5.646433349729955,3-6 km,154.57534246575344
5122,Uster,8.715987827904078,47.348286292175885,2023,576,3109.0,12.615500301469098,>10 km,129.54166666666666
1519,Opfikon,8.556804991988871,47.42763385838175,2025,8760,202680.0,1.613717121383233,0-3 km,555.2876712328767
1820,Buchs (ZH),8.430805757261224,47.45731364005341,2021,8760,42737.0,8.383164920611499,6-10 km,117.08767123287672
1418,Ottenbach,8.400772612668456,47.287294853926134,2024,8784,15111.0,11.63326096719798,>10 km,41.28688524590164
2219,Bassersdorf,8.637513333756722,47.43703186280034,2022,8760,73364.0,6.472856995696505,6-10 km,200.9972602739726
716,Regensdorf,8.482434445375365,47.432607476761845,2025,8760,82329.0,3.6781369705816442,3-6 km,225.55890410958904
5122,Uster,8.715987827904078,47.348286292175885,2025,8760,45135.0,12.615500301469098,>10 km,123.65753424657534
517,Illnau-Effretikon,8.684250894584656,47.41502653655826,2021,8760,51864.0,9.43043495208622,6-10 km,142.09315068493152
2221,Dübendorf,8.623468713353692,47.39677932213902,2022,5976,30322.0,5.023845049978679,3-6 km,121.77510040160642
619,Dübendorf,8.590938291402205,47.38349604015004,2022,8760,33617.0,2.7627707332699574,0-3 km,92.1013698630137
821,Urdorf,8.418076656322805,47.39402369041852,2023,8760,15025.0,5.40644024911365,3-6 km,41.16438356164384
1521,Dietikon,8.385593011077008,47.414325881998515,2024,8784,11422.0,8.287826362661662,6-10 km,31.207650273224044
1920,Otelfingen,8.383240866305414,47.45974445606183,2025,8760,67539.0,11.139086688973201,>10 km,185.03835616438357
2019,Hausen am Albis,8.526197639335605,47.2440848607042,2025,8760,45339.0,11.474217709825302,>10 km,124.21643835616439
1420,Illnau-Effretikon,8.692876288792169,47.43528685801001,2022,8760,65142.0,10.375154023048072,>10 km,178.47123287671232
5222,Uster,8.715707530832455,47.34833225883762,2024,8784,296685.0,12.593803931745372,>10 km,810.6147540983607
4921,Pfäffikon,8.758300837654097,47.35988567435031,2025,8760,89823.0,15.628255470755192,>10 km,246.0904109589041
818,Schlieren,8.463266240398779,47.3988475973946,2021,8760,190291.0,2.2004767262811975,0-3 km,521.345205479452
919,Zürich,8.614460266290095,47.362518212561255,2023,8760,85676.0,4.806389340994386,3-6 km,234.72876712328767
521,Schlieren,8.43183349495265,47.39704167731008,2023,8760,9634.0,4.417279523428436,3-6 km,26.394520547945206
5120,Dietikon,8.408342532383397,47.4078045213325,2024,8784,104092.0,6.429907010233122,6-10 km,284.40437158469945
920,Neftenbach,8.681019747632872,47.543434278583355,2024,8784,69524.0,17.152833231772437,>10 km,189.95628415300547
1322,Uster,8.731001032636817,47.34517430738606,2024,8784,125803.0,13.789258496124623,>10 km,343.724043715847
821,Urdorf,8.418076656322805,47.39402369041852,2025,8760,21302.0,5.40644024911365,3-6 km,58.36164383561644
919,Zürich,8.614460266290095,47.362518212561255,2025,8760,113889.0,4.806389340994386,3-6 km,312.02465753424656
1920,Otelfingen,8.383240866305414,47.45974445606183,2023,8760,60941.0,11.139086688973201,>10 km,166.96164383561643
4921,Pfäffikon,8.758300837654097,47.35988567435031,2023,8760,83411.0,15.628255470755192,>10 km,228.52328767123288
1722,Meilen,8.66363651989207,47.26302751841858,2025,8760,140230.0,13.95422100671802,>10 km,384.1917808219178
521,Schlieren,8.43183349495265,47.39704167731008,2025,8760,12068.0,4.417279523428436,3-6 km,33.06301369863014
820,Bubikon,8.820789361178603,47.259813779676676,2022,8760,78684.0,23.508207284752164,>10 km,215.57260273972602
1722,Meilen,8.66363651989207,47.26302751841858,2023,8760,113074.0,13.95422100671802,>10 km,309.7917808219178
4721,Erlenbach (ZH),8.598227887279505,47.29494341657199,2024,8784,150606.0,7.937336758144401,6-10 km,411.4918032786885
4621,Pfungen,8.65126129022217,47.517824245409564,2024,3744,49386.0,13.553089829816088,>10 km,316.5769230769231
817,Hinwil,8.810469592310504,47.310180758813694,2021,6552,60064.0,20.540628496191506,>10 km,220.01465201465203
2019,Hausen am Albis,8.526197639335605,47.2440848607042,2023,8760,39881.0,11.474217709825302,>10 km,109.26301369863013
1923,Obfelden,8.432501070212979,47.268176277840766,2024,3120,8300.0,11.324804844935754,>10 km,63.84615384615385
2121,Dübendorf,8.62386913197892,47.39671564482482,2022,5976,59485.0,5.0547063462764825,3-6 km,238.89558232931728
3121,Uster,8.734265974062588,47.34298278895676,2022,8760,100385.0,14.072755915730992,>10 km,275.027397260274
819,Hagenbuch,8.894584867040798,47.51093782793905,2023,8760,61005.0,27.521182273843337,>10 km,167.13698630136986
421,Schlieren,8.431834287121596,47.3971858769674,2025,8760,78345.0,4.420017709261763,3-6 km,214.64383561643837
2020,Dietikon,8.408313640461962,47.4076769495609,2023,8760,239167.0,6.427680727805933,6-10 km,655.2520547945205
421,Schlieren,8.431834287121596,47.3971858769674,2023,8760,75010.0,4.420017709261763,3-6 km,205.5068493150685
1323,Illnau-Effretikon,8.707686156087048,47.429033883942054,2024,8784,47292.0,11.33483933237444,>10 km,129.21311475409837
3821,Oberengstringen,8.477028378861737,47.40533435725889,2024,8784,15270.0,1.8500069130008905,0-3 km,41.721311475409834
2220,Wetzikon (ZH),8.785919860482634,47.3245953998247,2025,8760,180144.0,18.319739048834457,>10 km,493.5452054794521
2321,Dübendorf,8.61557886174752,47.3998523384528,2024,8784,63270.0,4.391470648866015,3-6 km,172.86885245901638
2020,Dietikon,8.408313640461962,47.4076769495609,2025,8760,252862.0,6.427680727805933,6-10 km,692.772602739726
617,Seuzach,8.709725029016953,47.53619017595908,2022,8760,127217.0,17.77401340361377,>10 km,348.53972602739725
217,Steinmaur,8.453936758763508,47.508913483065086,2022,4416,9541.0,11.813227422189799,>10 km,51.85326086956522
2320,Thalwil,8.569007618766147,47.28561041125142,2022,8760,16188.0,7.562450145692103,6-10 km,44.35068493150685
416,Uster,8.690353050057764,47.37411687018186,2024,8784,130022.0,10.341472204803866,>10 km,355.25136612021856
624,Uster,8.742003902102738,47.3456466442003,2024,6216,60496.0,14.603174426255173,>10 km,233.5752895752896
319,Bülach,8.533492462580027,47.55116985015401,2023,384,1337.0,15.304863178001716,>10 km,83.5625
323,Flurlingen,8.630294288107095,47.67634936531268,2025,8760,50521.0,29.756516113482377,>10 km,138.413698630137
819,Hagenbuch,8.894584867040798,47.51093782793905,2025,8760,61144.0,27.521182273843337,>10 km,167.51780821917808
516,Winterthur,8.7073069629575,47.45885373814766,2021,8760,67624.0,12.268925742036442,>10 km,185.27123287671233
1119,Uster,8.707017411776397,47.33690884743389,2021,8760,342177.0,12.202506995801045,>10 km,937.4712328767123
1620,Langnau am Albis,8.542439853880055,47.2908742855491,2022,8760,58360.0,6.3821308518556075,6-10 km,159.8904109589041
225,Horgen,8.579716909564985,47.22204486270413,2025,1152,2831.0,14.487802650136539,>10 km,58.979166666666664
2220,Wetzikon (ZH),8.785919860482634,47.3245953998247,2023,8760,175416.0,18.319739048834457,>10 km,480.5917808219178
5123,Uster,8.71242368826777,47.3542853106453,2024,8784,86778.0,12.26374765730621,>10 km,237.0983606557377
2921,Elgg,8.872689413517552,47.496070829339295,2023,8760,43090.0,25.369061572106567,>10 km,118.05479452054794
4221,Knonau,8.462809713620338,47.22800969883173,2024,8784,61326.0,14.118113186287786,>10 km,167.55737704918033
1121,Dietikon,8.408571919288622,47.40104930237554,2024,8784,36913.0,6.225343608389918,6-10 km,100.85519125683061
5019,Opfikon,8.556643310627342,47.42775502679132,2025,6768,165487.0,1.6269012401311271,0-3 km,586.8333333333334
419,Bülach,8.534447565380754,47.55080829993703,2022,8760,68514.0,15.266327716831162,>10 km,187.70958904109588
1021,Dietikon,8.40867342572732,47.40115636377672,2022,8760,144979.0,6.22014811533813,6-10 km,397.2027397260274
1721,Dietikon,8.385230450877849,47.41404802435074,2022,432,113.0,8.303811297454367,6-10 km,6.277777777777778
1821,Dietikon,8.385181890140757,47.41430964262537,2022,432,309.0,8.316609339968835,6-10 km,17.166666666666668
2119,Schlieren,8.47025218235027,47.39458729016097,2022,5832,201603.0,1.5311636207539083,0-3 km,829.641975308642
1120,Wetzikon (ZH),8.793200852368772,47.31334909313929,2025,8760,112743.0,19.18916809287701,>10 km,308.88493150684934
2122,Seuzach,8.716595953077507,47.53422935337984,2022,960,8360.0,17.944705768953444,>10 km,209.0
1719,Obfelden,8.40514407485049,47.26457271054281,2023,8760,53479.0,13.00998892972563,>10 km,146.51780821917808
2521,Opfikon,8.571643871630542,47.423625596636036,2023,8760,73123.0,1.4965628062062064,0-3 km,200.33698630136988
1719,Obfelden,8.40514407485049,47.26457271054281,2025,8760,61383.0,13.00998892972563,>10 km,168.17260273972602
2521,Opfikon,8.571643871630542,47.423625596636036,2025,8760,95522.0,1.4965628062062064,0-3 km,261.7041095890411
2921,Elgg,8.872689413517552,47.496070829339295,2025,8760,44288.0,25.369061572106567,>10 km,121.33698630136986
221,Dietikon,8.384127570802322,47.412219586298654,2021,2424,5884.0,8.320705922083521,6-10 km,58.257425742574256
5023,Uster,8.704512706824287,47.347789673174134,2023,5928,96631.0,11.76687507232089,>10 km,391.2186234817814
5020,Langnau am Albis,8.542384689352799,47.29084150368098,2021,504,167.0,6.384943554536294,6-10 km,7.9523809523809526
5019,Opfikon,8.556643310627342,47.42775502679132,2023,8760,159856.0,1.6269012401311271,0-3 km,437.9616438356164
3321,Benken (ZH),8.651350355149289,47.64745414041033,2024,8784,26152.0,26.96563357022158,>10 km,71.4535519125683
1621,Dietikon,8.385425182585728,47.41408570292136,2024,8784,25490.0,8.29122496501889,6-10 km,69.64480874316939
918,Schlieren,8.458328262231733,47.403695429155505,2024,8784,170375.0,2.7903492894134705,0-3 km,465.5054644808743
1120,Wetzikon (ZH),8.793200852368772,47.31334909313929,2023,8760,109819.0,19.18916809287701,>10 km,300.87397260273974
5023,Uster,8.704512706824287,47.347789673174134,2025,8760,172183.0,11.76687507232089,>10 km,471.73424657534247
2621,Opfikon,8.566772635939039,47.4341547159466,2021,2016,1303.0,2.4100081669725655,0-3 km,15.511904761904763
2721,Opfikon,8.566130782625653,47.43426747687456,2021,2280,11174.0,2.4114284823044283,0-3 km,117.62105263157895
1819,Kloten,8.57484272502061,47.44055282990827,2024,8784,123292.0,3.2716030614647367,3-6 km,336.8633879781421
2219,Bassersdorf,8.637513333756722,47.43703186280034,2025,8760,81857.0,6.472856995696505,6-10 km,224.26575342465753
4821,Erlenbach (ZH),8.5980957088986,47.294946173058264,2025,8760,3894.0,7.930319982312259,6-10 km,10.668493150684931
3721,Oberengstringen,8.477010467790805,47.40523168600978,2024,8784,157778.0,1.842993728637631,0-3 km,431.08743169398906
2022,Egg,8.691064023775985,47.294330584947886,2025,8760,51933.0,13.172504694203958,>10 km,142.2821917808219
1321,Dietikon,8.394331505585154,47.40756852142189,2023,8760,136839.0,7.437353832715449,6-10 km,374.9013698630137
316,Greifensee,8.673916544802049,47.36663228864788,2024,8688,357708.0,9.209822042282314,6-10 km,988.1436464088398
1018,Dietikon,8.425201763723665,47.40182598918666,2025,8760,85698.0,5.021331575225003,3-6 km,234.7890410958904
317,Bassersdorf,8.63824110931328,47.43555321204677,2021,8760,82484.0,6.457635252173338,6-10 km,225.98356164383563
417,Bassersdorf,8.609357278327932,47.447277642868045,2021,8760,30399.0,5.357987314555864,3-6 km,83.28493150684932
616,Regensdorf,8.48300241052553,47.43220854007845,2022,8760,125244.0,3.616489833828252,3-6 km,343.13424657534244
716,Regensdorf,8.482434445375365,47.432607476761845,2022,8760,85245.0,3.6781369705816442,3-6 km,233.54794520547946
4821,Erlenbach (ZH),8.5980957088986,47.294946173058264,2023,8760,8589.0,7.930319982312259,6-10 km,23.53150684931507
721,Urdorf,8.417585785973165,47.39379144012805,2024,8784,119333.0,5.441423229716368,3-6 km,326.0464480874317
1519,Opfikon,8.556804991988871,47.42763385838175,2022,6960,168021.0,1.613717121383233,0-3 km,579.3827586206896
2219,Bassersdorf,8.637513333756722,47.43703186280034,2023,8760,75591.0,6.472856995696505,6-10 km,207.0986301369863
1321,Dietikon,8.394331505585154,47.40756852142189,2025,8760,91796.0,7.437353832715449,6-10 km,251.4958904109589
2421,Zürich,8.576710833269802,47.41028772869668,2021,2352,16515.0,1.33965788785922,0-3 km,168.5204081632653
1018,Dietikon,8.425201763723665,47.40182598918666,2023,8760,86855.0,5.021331575225003,3-6 km,237.95890410958904
1418,Ottenbach,8.400772612668456,47.287294853926134,2021,6936,10062.0,11.63326096719798,>10 km,34.81660899653979
2022,Egg,8.691064023775985,47.294330584947886,2023,8760,45958.0,13.172504694203958,>10 km,125.91232876712328
1820,Buchs (ZH),8.430805757261224,47.45731364005341,2024,8784,44588.0,8.383164920611499,6-10 km,121.82513661202186
1622,Niederhasli,8.514882665174094,47.464104672303826,2022,1752,6450.0,5.646433349729955,3-6 km,88.35616438356165
1121,Dietikon,8.408571919288622,47.40104930237554,2022,8760,39811.0,6.225343608389918,6-10 km,109.07123287671233
1721,Dietikon,8.385230450877849,47.41404802435074,2024,8784,7863.0,8.303811297454367,6-10 km,21.483606557377048
1821,Dietikon,8.385181890140757,47.41430964262537,2024,8784,26538.0,8.316609339968835,6-10 km,72.50819672131148
1719,Obfelden,8.40514407485049,47.26457271054281,2021,6408,22244.0,13.00998892972563,>10 km,83.31086142322097
2521,Opfikon,8.571643871630542,47.423625596636036,2021,2352,14062.0,1.4965628062062064,0-3 km,143.48979591836735
221,Dietikon,8.384127570802322,47.412219586298654,2025,8760,85457.0,8.320705922083521,6-10 km,234.12876712328767
5020,Langnau am Albis,8.542384689352799,47.29084150368098,2025,8760,5895.0,6.384943554536294,6-10 km,16.15068493150685
1621,Dietikon,8.385425182585728,47.41408570292136,2022,432,293.0,8.29122496501889,6-10 km,16.27777777777778
3022,Affoltern am Albis,8.440434895374855,47.28675697806844,2023,3624,14969.0,9.3789238658631,6-10 km,99.13245033112582
2023,Obfelden,8.432532768592433,47.26816003170472,2025,5736,10883.0,11.324698867736494,>10 km,45.53556485355649
425,Wiesendangen,8.811915821,47.525219632,2025,624,1137.0,22.761929752888275,>10 km,43.73076923076923
2921,Elgg,8.872689413517552,47.496070829339295,2021,2400,7574.0,25.369061572106567,>10 km,75.74
918,Schlieren,8.458328262231733,47.403695429155505,2022,8760,155552.0,2.7903492894134705,0-3 km,426.1698630136986
2222,Adliswil,8.52886668441411,47.32152951663827,2024,8784,59829.0,2.868003263475355,0-3 km,163.4672131147541
2122,Seuzach,8.716595953077507,47.53422935337984,2024,8784,148435.0,17.944705768953444,>10 km,405.5601092896175
5020,Langnau am Albis,8.542384689352799,47.29084150368098,2023,8760,5579.0,6.384943554536294,6-10 km,15.284931506849315
1223,Flaach,8.580226518510498,47.5752654952065,2025,8760,45589.0,18.101906460971808,>10 km,124.9013698630137
1120,Wetzikon (ZH),8.793200852368772,47.31334909313929,2021,4248,41965.0,19.18916809287701,>10 km,237.090395480226
3321,Benken (ZH),8.651350355149289,47.64745414041033,2022,8760,28883.0,26.96563357022158,>10 km,79.13150684931507
221,Dietikon,8.384127570802322,47.412219586298654,2023,8760,74742.0,8.320705922083521,6-10 km,204.77260273972604
523,Horgen,8.618849128063152,47.25365358150552,2024,8784,132150.0,12.522103437109852,>10 km,361.0655737704918
3022,Affoltern am Albis,8.440434895374855,47.28675697806844,2025,8760,38365.0,9.3789238658631,6-10 km,105.10958904109589
5019,Opfikon,8.556643310627342,47.42775502679132,2021,8760,241463.0,1.6269012401311271,0-3 km,661.5424657534246
4221,Knonau,8.462809713620338,47.22800969883173,2022,8760,59789.0,14.118113186287786,>10 km,163.80547945205478
419,Bülach,8.534447565380754,47.55080829993703,2024,4032,36829.0,15.266327716831162,>10 km,219.2202380952381
2119,Schlieren,8.47025218235027,47.39458729016097,2024,8784,209088.0,1.5311636207539083,0-3 km,571.2786885245902
1021,Dietikon,8.40867342572732,47.40115636377672,2024,8784,154885.0,6.22014811533813,6-10 km,423.1830601092896
4221,Knonau,8.462809713620338,47.22800969883173,2021,1200,3372.0,14.118113186287786,>10 km,67.44
2921,Elgg,8.872689413517552,47.496070829339295,2022,8760,47404.0,25.369061572106567,>10 km,129.8739726027397
5020,Langnau am Albis,8.542384689352799,47.29084150368098,2024,8784,5591.0,6.384943554536294,6-10 km,15.275956284153006
1821,Dietikon,8.385181890140757,47.41430964262537,2025,8760,37965.0,8.316609339968835,6-10 km,104.01369863013699
1721,Dietikon,8.385230450877849,47.41404802435074,2023,8760,5870.0,8.303811297454367,6-10 km,16.08219178082192
1821,Dietikon,8.385181890140757,47.41430964262537,2023,8760,19150.0,8.316609339968835,6-10 km,52.465753424657535
2119,Schlieren,8.47025218235027,47.39458729016097,2023,8760,215098.0,1.5311636207539083,0-3 km,589.3095890410959
3022,Affoltern am Albis,8.440434895374855,47.28675697806844,2024,8784,33211.0,9.3789238658631,6-10 km,90.74043715846994
918,Schlieren,8.458328262231733,47.403695429155505,2021,8760,136799.0,2.7903492894134705,0-3 km,374.7917808219178
2222,Adliswil,8.52886668441411,47.32152951663827,2023,2160,9564.0,2.868003263475355,0-3 km,106.26666666666667
2119,Schlieren,8.47025218235027,47.39458729016097,2025,8760,273239.0,1.5311636207539083,0-3 km,748.6
1021,Dietikon,8.40867342572732,47.40115636377672,2023,8760,145566.0,6.22014811533813,6-10 km,398.8109589041096
523,Horgen,8.618849128063152,47.25365358150552,2025,1056,7317.0,12.522103437109852,>10 km,166.29545454545453
1021,Dietikon,8.40867342572732,47.40115636377672,2025,8760,167416.0,6.22014811533813,6-10 km,458.67397260273975
1721,Dietikon,8.385230450877849,47.41404802435074,2025,8760,8275.0,8.303811297454367,6-10 km,22.671232876712327
3321,Benken (ZH),8.651350355149289,47.64745414041033,2021,1248,1940.0,26.96563357022158,>10 km,37.30769230769231
419,Bülach,8.534447565380754,47.55080829993703,2023,6552,68599.0,15.266327716831162,>10 km,251.2783882783883
1223,Flaach,8.580226518510498,47.5752654952065,2024,360,310.0,18.101906460971808,>10 km,20.666666666666668
1719,Obfelden,8.40514407485049,47.26457271054281,2022,8760,46873.0,13.00998892972563,>10 km,128.4191780821918
2521,Opfikon,8.571643871630542,47.423625596636036,2022,8760,80092.0,1.4965628062062064,0-3 km,219.43013698630136
1121,Dietikon,8.408571919288622,47.40104930237554,2021,408,1085.0,6.225343608389918,6-10 km,63.8235294117647
5019,Opfikon,8.556643310627342,47.42775502679132,2022,6960,140724.0,1.6269012401311271,0-3 km,485.2551724137931
221,Dietikon,8.384127570802322,47.412219586298654,2024,8784,80414.0,8.320705922083521,6-10 km,219.71038251366122
2222,Adliswil,8.52886668441411,47.32152951663827,2025,8760,66397.0,2.868003263475355,0-3 km,181.9095890410959
1120,Wetzikon (ZH),8.793200852368772,47.31334909313929,2022,8760,106613.0,19.18916809287701,>10 km,292.0904109589041
523,Horgen,8.618849128063152,47.25365358150552,2023,1344,7119.0,12.522103437109852,>10 km,127.125
2122,Seuzach,8.716595953077507,47.53422935337984,2023,8760,158804.0,17.944705768953444,>10 km,435.0794520547945
2023,Obfelden,8.432532768592433,47.26816003170472,2024,3120,5414.0,11.324698867736494,>10 km,41.646153846153844
2122,Seuzach,8.716595953077507,47.53422935337984,2025,8760,152505.0,17.944705768953444,>10 km,417.82191780821915
5022,Uster,8.713208893106954,47.356089898643745,2022,1704,20364.0,12.298276199220416,>10 km,286.8169014084507
316,Greifensee,8.673916544802049,47.36663228864788,2023,8760,369608.0,9.209822042282314,6-10 km,1012.6246575342466
721,Urdorf,8.417585785973165,47.39379144012805,2023,8760,112079.0,5.441423229716368,3-6 km,307.06575342465754
1321,Dietikon,8.394331505585154,47.40756852142189,2024,8784,64000.0,7.437353832715449,6-10 km,174.86338797814207
1519,Opfikon,8.556804991988871,47.42763385838175,2021,8760,275329.0,1.613717121383233,0-3 km,754.3260273972603
2219,Bassersdorf,8.637513333756722,47.43703186280034,2024,8784,77984.0,6.472856995696505,6-10 km,213.07103825136613
4821,Erlenbach (ZH),8.5980957088986,47.294946173058264,2024,8784,7371.0,7.930319982312259,6-10 km,20.139344262295083
616,Regensdorf,8.48300241052553,47.43220854007845,2021,8760,121988.0,3.616489833828252,3-6 km,334.213698630137
716,Regensdorf,8.482434445375365,47.432607476761845,2021,8760,80300.0,3.6781369705816442,3-6 km,220.0
1819,Kloten,8.57484272502061,47.44055282990827,2023,8760,116248.0,3.2716030614647367,3-6 km,318.4876712328767
1819,Kloten,8.57484272502061,47.44055282990827,2025,8760,116653.0,3.2716030614647367,3-6 km,319.5972602739726
1820,Buchs (ZH),8.430805757261224,47.45731364005341,2025,8760,47182.0,8.383164920611499,6-10 km,129.26575342465753
3721,Oberengstringen,8.477010467790805,47.40523168600978,2023,8760,155467.0,1.842993728637631,0-3 km,425.93698630136987
1418,Ottenbach,8.400772612668456,47.287294853926134,2022,8760,14405.0,11.63326096719798,>10 km,39.465753424657535
1820,Buchs (ZH),8.430805757261224,47.45731364005341,2023,8760,41167.0,8.383164920611499,6-10 km,112.78630136986301
2022,Egg,8.691064023775985,47.294330584947886,2024,8784,48441.0,13.172504694203958,>10 km,132.35245901639345
3721,Oberengstringen,8.477010467790805,47.40523168600978,2025,8760,150151.0,1.842993728637631,0-3 km,411.372602739726
2421,Zürich,8.576710833269802,47.41028772869668,2022,8760,106247.0,1.33965788785922,0-3 km,291.0876712328767
317,Bassersdorf,8.63824110931328,47.43555321204677,2022,8760,92452.0,6.457635252173338,6-10 km,253.2931506849315
417,Bassersdorf,8.609357278327932,47.447277642868045,2022,8760,38283.0,5.357987314555864,3-6 km,104.88493150684931
2621,Opfikon,8.566772635939039,47.4341547159466,2022,8760,12771.0,2.4100081669725655,0-3 km,34.989041095890414
2721,Opfikon,8.566130782625653,47.43426747687456,2022,6408,30689.0,2.4114284823044283,0-3 km,114.94007490636704
721,Urdorf,8.417585785973165,47.39379144012805,2025,8760,132394.0,5.441423229716368,3-6 km,362.72328767123287
1018,Dietikon,8.425201763723665,47.40182598918666,2024,8784,60254.0,5.021331575225003,3-6 km,164.62841530054644
623,Horgen,8.618768697184699,47.25356483617389,2024,8784,4907.0,12.526933046406368,>10 km,13.407103825136613
617,Seuzach,8.709725029016953,47.53619017595908,2023,8760,126106.0,17.77401340361377,>10 km,345.4958904109589
217,Steinmaur,8.453936758763508,47.508913483065086,2025,6288,19207.0,11.813227422189799,>10 km,73.30916030534351
2322,Adliswil,8.528720225584886,47.32171093148535,2023,2160,7698.0,2.8472871232245405,0-3 km,85.53333333333333
823,Urdorf,8.4084088094448,47.39486801522495,2025,8760,51831.0,6.141570857989998,6-10 km,142.0027397260274
2321,Dübendorf,8.61557886174752,47.3998523384528,2021,1104,3002.0,4.391470648866015,3-6 km,65.26086956521739
2020,Dietikon,8.408313640461962,47.4076769495609,2022,8760,238375.0,6.427680727805933,6-10 km,653.082191780822
421,Schlieren,8.431834287121596,47.3971858769674,2022,8760,73218.0,4.420017709261763,3-6 km,200.5972602739726
819,Hagenbuch,8.894584867040798,47.51093782793905,2022,8760,64704.0,27.521182273843337,>10 km,177.27123287671233
2121,Dübendorf,8.62386913197892,47.39671564482482,2023,8760,40115.0,5.0547063462764825,3-6 km,109.9041095890411
516,Winterthur,8.7073069629575,47.45885373814766,2024,8784,64646.0,12.268925742036442,>10 km,176.62841530054644
4121,Laufen-Uhwiesen,8.613380232952984,47.673221616098864,2024,8784,65747.0,29.210029227156255,>10 km,179.63661202185793
1119,Uster,8.707017411776397,47.33690884743389,2024,8784,292427.0,12.202506995801045,>10 km,798.9808743169399
617,Seuzach,8.709725029016953,47.53619017595908,2025,8760,140487.0,17.77401340361377,>10 km,384.8958904109589
319,Bülach,8.533492462580027,47.55116985015401,2022,8760,85987.0,15.304863178001716,>10 km,235.5808219178082
423,Flurlingen,8.630099146044284,47.67640325977847,2024,432,737.0,29.75977728262911,>10 km,40.94444444444444
1620,Langnau am Albis,8.542439853880055,47.2908742855491,2025,8760,77959.0,6.3821308518556075,6-10 km,213.586301369863
1620,Langnau am Albis,8.542439853880055,47.2908742855491,2023,8760,61922.0,6.3821308518556075,6-10 km,169.64931506849314
2622,Dübendorf,8.613761692170693,47.39227237259006,2024,432,2064.0,4.356541341881901,3-6 km,114.66666666666667
2322,Adliswil,8.528720225584886,47.32171093148535,2025,8760,49044.0,2.8472871232245405,0-3 km,134.36712328767123
416,Uster,8.690353050057764,47.37411687018186,2021,8760,120265.0,10.341472204803866,>10 km,329.4931506849315
3121,Uster,8.734265974062588,47.34298278895676,2025,8760,110831.0,14.072755915730992,>10 km,303.6465753424658
3121,Uster,8.734265974062588,47.34298278895676,2023,8760,98189.0,14.072755915730992,>10 km,269.0109589041096
2320,Thalwil,8.569007618766147,47.28561041125142,2025,4008,10599.0,7.562450145692103,6-10 km,63.467065868263475
2220,Wetzikon (ZH),8.785919860482634,47.3245953998247,2022,8760,170965.0,18.319739048834457,>10 km,468.3972602739726
217,Steinmaur,8.453936758763508,47.508913483065086,2023,4968,16093.0,11.813227422189799,>10 km,77.74396135265701
2320,Thalwil,8.569007618766147,47.28561041125142,2023,8760,14726.0,7.562450145692103,6-10 km,40.345205479452055
2121,Dübendorf,8.62386913197892,47.39671564482482,2025,8760,69628.0,5.0547063462764825,3-6 km,190.76164383561644
1322,Uster,8.731001032636817,47.34517430738606,2022,4752,69886.0,13.789258496124623,>10 km,352.95959595959596
1420,Illnau-Effretikon,8.692876288792169,47.43528685801001,2024,8784,67585.0,10.375154023048072,>10 km,184.6584699453552
5021,Uster,8.710790512027671,47.362337284960574,2025,8760,54199.0,12.03260870640329,>10 km,148.4904109589041
517,Illnau-Effretikon,8.684250894584656,47.41502653655826,2023,8760,51917.0,9.43043495208622,6-10 km,142.23835616438356
818,Schlieren,8.463266240398779,47.3988475973946,2023,8760,227875.0,2.2004767262811975,0-3 km,624.3150684931506
2221,Dübendorf,8.623468713353692,47.39677932213902,2024,6144,9634.0,5.023845049978679,3-6 km,37.6328125
1521,Dietikon,8.385593011077008,47.414325881998515,2022,432,149.0,8.287826362661662,6-10 km,8.277777777777779
5120,Dietikon,8.408342532383397,47.4078045213325,2022,8760,93080.0,6.429907010233122,6-10 km,255.013698630137
4721,Erlenbach (ZH),8.598227887279505,47.29494341657199,2022,1392,13024.0,7.937336758144401,6-10 km,224.55172413793105
517,Illnau-Effretikon,8.684250894584656,47.41502653655826,2025,2352,7096.0,9.43043495208622,6-10 km,72.40816326530613
818,Schlieren,8.463266240398779,47.3988475973946,2025,8760,263421.0,2.2004767262811975,0-3 km,721.7013698630137
2422,Bauma,8.915409274016852,47.36074252699541,2023,8760,62684.0,27.39533254047906,>10 km,171.73698630136985
619,Dübendorf,8.590938291402205,47.38349604015004,2024,8784,35737.0,2.7627707332699574,0-3 km,97.64207650273224
2422,Bauma,8.915409274016852,47.36074252699541,2025,7152,59003.0,27.39533254047906,>10 km,197.99664429530202
919,Zürich,8.614460266290095,47.362518212561255,2021,8760,81590.0,4.806389340994386,3-6 km,223.53424657534248
521,Schlieren,8.43183349495265,47.39704167731008,2021,408,376.0,4.417279523428436,3-6 km,22.11764705882353
820,Bubikon,8.820789361178603,47.259813779676676,2024,8784,79112.0,23.508207284752164,>10 km,216.15300546448088
724,Hochfelden,8.503908749522976,47.523535823190684,2024,1128,1896.0,12.305695561805758,>10 km,40.340425531914896
1920,Otelfingen,8.383240866305414,47.45974445606183,2021,7104,52457.0,11.139086688973201,>10 km,177.21959459459458
1222,Dürnten,8.863074324117479,47.276449203811765,2023,8760,34744.0,25.56550292914535,>10 km,95.18904109589042
5021,Uster,8.710790512027671,47.362337284960574,2023,6120,41553.0,12.03260870640329,>10 km,162.95294117647057
1222,Dürnten,8.863074324117479,47.276449203811765,2025,8760,36649.0,25.56550292914535,>10 km,100.40821917808219
2019,Hausen am Albis,8.526197639335605,47.2440848607042,2021,8760,32424.0,11.474217709825302,>10 km,88.83287671232877
920,Neftenbach,8.681019747632872,47.543434278583355,2022,8760,59649.0,17.152833231772437,>10 km,163.42191780821918
817,Hinwil,8.810469592310504,47.310180758813694,2023,8760,114641.0,20.540628496191506,>10 km,314.08493150684933
1620,Langnau am Albis,8.542439853880055,47.2908742855491,2021,504,828.0,6.3821308518556075,6-10 km,39.42857142857143
416,Uster,8.690353050057764,47.37411687018186,2023,8760,130591.0,10.341472204803866,>10 km,357.78356164383564
2020,Dietikon,8.408313640461962,47.4076769495609,2024,8784,252856.0,6.427680727805933,6-10 km,690.8633879781421
1323,Illnau-Effretikon,8.707686156087048,47.429033883942054,2023,2784,11413.0,11.33483933237444,>10 km,98.38793103448276
819,Hagenbuch,8.894584867040798,47.51093782793905,2024,8784,62008.0,27.521182273843337,>10 km,169.4207650273224
3821,Oberengstringen,8.477028378861737,47.40533435725889,2025,8760,14071.0,1.8500069130008905,0-3 km,38.55068493150685
416,Uster,8.690353050057764,47.37411687018186,2025,8760,133608.0,10.341472204803866,>10 km,366.0493150684932
617,Seuzach,8.709725029016953,47.53619017595908,2021,8760,122326.0,17.77401340361377,>10 km,335.1397260273973
217,Steinmaur,8.453936758763508,47.508913483065086,2021,8760,25971.0,11.813227422189799,>10 km,71.15342465753425
2320,Thalwil,8.569007618766147,47.28561041125142,2021,4632,10124.0,7.562450145692103,6-10 km,52.4559585492228
2321,Dübendorf,8.61557886174752,47.3998523384528,2023,8760,63493.0,4.391470648866015,3-6 km,173.95342465753424
2220,Wetzikon (ZH),8.785919860482634,47.3245953998247,2024,8784,183043.0,18.319739048834457,>10 km,500.1174863387978
3821,Oberengstringen,8.477028378861737,47.40533435725889,2023,8760,17397.0,1.8500069130008905,0-3 km,47.66301369863014
323,Flurlingen,8.630294288107095,47.67634936531268,2024,432,647.0,29.756516113482377,>10 km,35.94444444444444
5123,Uster,8.71242368826777,47.3542853106453,2023,5928,69715.0,12.26374765730621,>10 km,282.246963562753
1323,Illnau-Effretikon,8.707686156087048,47.429033883942054,2025,8760,48070.0,11.33483933237444,>10 km,131.6986301369863
2321,Dübendorf,8.61557886174752,47.3998523384528,2025,8760,69183.0,4.391470648866015,3-6 km,189.54246575342466
624,Uster,8.742003902102738,47.3456466442003,2025,8760,73966.0,14.603174426255173,>10 km,202.64657534246575
3121,Uster,8.734265974062588,47.34298278895676,2021,1344,8835.0,14.072755915730992,>10 km,157.76785714285714
1119,Uster,8.707017411776397,47.33690884743389,2022,8760,298245.0,12.202506995801045,>10 km,817.1095890410959
421,Schlieren,8.431834287121596,47.3971858769674,2024,8784,77059.0,4.420017709261763,3-6 km,210.54371584699453
5123,Uster,8.71242368826777,47.3542853106453,2025,8760,97990.0,12.26374765730621,>10 km,268.4657534246575
516,Winterthur,8.7073069629575,47.45885373814766,2022,8760,63313.0,12.268925742036442,>10 km,173.46027397260275
4121,Laufen-Uhwiesen,8.613380232952984,47.673221616098864,2022,2376,10561.0,29.210029227156255,>10 km,106.67676767676768
