messstelle_id,gemeinde,lon,lat,first,last,rows,lanes,lane_names,missing_counts,zero_share,site_id,dist_to_city_counter_m,in_city_of_zurich
217,Steinmaur,8.453936758763508,47.508913483065086,2023-12-31 23:00:00+00:00,2025-12-31 22:00:00+00:00,30144,2,Bachs|Steinmaur,0,0.6383359872611465,VZS_BINZ,11813.227422189799,False
221,Dietikon,8.384127570802322,47.412219586298654,2023-12-31 23:00:00+00:00,2025-12-31 22:00:00+00:00,35088,2,Dietikon|Spreitenbach AG,0,0.20915982672138622,VZS_FISC,7701.342956912138,False
225,Horgen,8.579716909564985,47.22204486270413,2025-11-13 23:00:00+00:00,2025-12-31 22:00:00+00:00,2304,2,Langnau am Albis|Sihlbrugg,0,0.5724826388888888,VZS_TANN,14487.802650136538,False
316,Greifensee,8.673916544802049,47.36663228864788,2023-12-31 23:00:00+00:00,2024-12-27 22:00:00+00:00,17376,2,Greifensee|Schwerzenbach,0,0.24545349907918967,VZS_MUEH,9307.381020434745,False
317,Bassersdorf,8.63824110931328,47.43555321204677,2023-12-31 23:00:00+00:00,2025-12-31 22:00:00+00:00,35088,2,Baltenswil|Bassersdorf,0,0.29557113543091657,VZS_ANDR,6457.635252173338,False
323,Flurlingen,8.630294288107095,47.67634936531268,2024-12-13 23:00:00+00:00,2025-12-31 22:00:00+00:00,18384,2,Feuerthalen|Laufen-Uhwiesen,0,0.39719321148825065,VZS_ANDR,29756.516113482376,False
416,Uster,8.690353050057764,47.37411687018186,2023-12-31 23:00:00+00:00,2025-12-31 22:00:00+00:00,35088,2,Uster|Volketswil,0,0.22959416324669402,VZS_MUEH,10598.585052322896,False
417,Bassersdorf,8.609357278327932,47.447277642868045,2023-12-31 23:00:00+00:00,2025-12-31 22:00:00+00:00,35088,2,Bassersdorf|Kloten,0,0.34159826721386227,VZS_ANDR,5357.987314555864,False
419,Bülach,8.534447565380754,47.55080829993703,2023-12-31 23:00:00+00:00,2024-06-16 22:00:00+00:00,8064,2,Kreisel Kreuzstrasse|Wagenbrechi,0,0.40240575396825395,VZS_BINZ,15274.22575854146,False
421,Schlieren,8.431834287121596,47.3971858769674,2023-12-31 23:00:00+00:00,2025-12-31 22:00:00+00:00,35088,2,Dietikon|Schlieren,0,0.18587551299589603,VZS_FISC,3994.5779850914337,False
423,Flurlingen,8.630099146044284,47.67640325977847,2024-12-13 23:00:00+00:00,2025-12-31 22:00:00+00:00,18384,2,Flurlingen|Laufen-Uhwiesen,0,0.4267841601392515,VZS_ANDR,29759.777282629108,False
425,Wiesendangen,8.811915821,47.525219632,2025-12-05 23:00:00+00:00,2025-12-31 22:00:00+00:00,1248,2,Bertschikon|Wiesendangen,0,0.5793269230769231,VZS_ANDR,22761.929752888274,False
516,Winterthur,8.7073069629575,47.45885373814766,2023-12-31 23:00:00+00:00,2025-12-31 22:00:00+00:00,17544,1,Zürich,0,0.25792293661650706,VZS_ANDR,12268.925742036443,False
517,Illnau-Effretikon,8.684250894584656,47.41502653655826,2023-12-31 23:00:00+00:00,2025-12-31 22:00:00+00:00,22272,2,Effretikon|Volketswil,0,0.47252155172413796,VZS_ANDR,9430.43495208622,False
521,Schlieren,8.43183349495265,47.39704167731008,2023-12-31 23:00:00+00:00,2025-12-31 22:00:00+00:00,35088,2,Dietikon|Schlieren,0,0.6234895120839034,VZS_FISC,3995.9636579856765,False
523,Horgen,8.618849128063152,47.25365358150552,2023-12-31 23:00:00+00:00,2025-02-13 22:00:00+00:00,19680,2,Horgen|Wädenwil,0,0.2525406504065041,VZS_TANN,12522.103437109852,False
616,Regensdorf,8.48300241052553,47.43220854007845,2023-12-31 23:00:00+00:00,2025-12-31 22:00:00+00:00,35088,2,Regensdorf|Zürich,0,0.2091313269493844,VZS_KLOW,3348.4405737013826,False
617,Seuzach,8.709725029016953,47.53619017595908,2023-12-31 23:00:00+00:00,2025-12-31 22:00:00+00:00,35088,2,Hettlingen|Winterthur,0,0.2445280437756498,VZS_ANDR,17774.013403613768,False
619,Dübendorf,8.590938291402205,47.38349604015004,2023-12-31 23:00:00+00:00,2025-12-31 22:00:00+00:00,35088,2,Dübendorf|Zürich,0,0.43613201094391246,VZS_SCHE,3442.1363070058724,False
623,Horgen,8.618768697184699,47.25356483617389,2023-12-31 23:00:00+00:00,2025-12-31 22:00:00+00:00,35088,2,Horgen|Wädenswil,0,0.7756497948016415,VZS_TANN,12526.933046406368,False
624,Uster,8.742003902102738,47.3456466442003,2024-04-16 23:00:00+00:00,2025-12-31 22:00:00+00:00,29952,2,Seegräben|Uster,0,0.28832799145299143,VZS_MUEH,14603.174426255173,False
716,Regensdorf,8.482434445375365,47.432607476761845,2023-12-31 23:00:00+00:00,2025-12-31 22:00:00+00:00,35088,2,Regensdorf|Zürich,0,0.2346956224350205,VZS_KLOW,3395.4418486417867,False
721,Urdorf,8.417585785973165,47.39379144012805,2023-12-31 23:00:00+00:00,2025-12-31 22:00:00+00:00,35088,2,Dietikon|Urdorf,0,0.2061673506611947,VZS_FISC,5105.460015364023,False
724,Hochfelden,8.503908749522976,47.52353582319069,2024-11-14 23:00:00+00:00,2025-12-31 22:00:00+00:00,19776,2,Hochfelden|Neerach,0,0.48493122977346276,VZS_BINZ,12305.695561805758,False
817,Hinwil,8.810469592310504,47.310180758813694,2023-12-31 23:00:00+00:00,2024-12-31 22:00:00+00:00,17568,2,Hinwil|Wetzikon,0,0.29326047358834245,VZS_MUEH,20540.628496191504,False
818,Schlieren,8.463266240398779,47.3988475973946,2023-12-31 23:00:00+00:00,2025-12-31 22:00:00+00:00,35088,2,Schlieren|Zürich,0,0.1282204742362061,VZS_FISC,1614.5522304558847,False
819,Hagenbuch,8.894584867040798,47.51093782793905,2023-12-31 23:00:00+00:00,2025-12-31 22:00:00+00:00,35088,2,Elgg|Hagenbuch,0,0.38503191974464207,VZS_ANDR,27521.182273843337,False
820,Bubikon,8.820789361178603,47.25981377967667,2023-12-31 23:00:00+00:00,2025-12-31 22:00:00+00:00,35088,2,Rüti|Wolfhausen,0,0.3335898312813497,VZS_MUEH,23508.20728475257,False
821,Urdorf,8.418076656322805,47.39402369041852,2023-12-31 23:00:00+00:00,2025-12-31 22:00:00+00:00,35088,2,Dietikon|Urdorf,0,0.6028556771545828,VZS_FISC,5065.248633127097,False
823,Urdorf,8.4084088094448,47.39486801522495,2024-06-16 23:00:00+00:00,2025-12-31 22:00:00+00:00,27024,2,Dietikon (Reppischhof)|Schlieren,0,0.3789224393132031,VZS_FISC,5779.255449511708,False
918,Schlieren,8.458328262231733,47.403695429155505,2023-12-31 23:00:00+00:00,2025-12-31 22:00:00+00:00,35088,2,Limmat|Schlieren,0,0.16489968080255357,VZS_FISC,2021.9611689719998,False
919,Zürich,8.614460266290095,47.362518212561255,2023-12-31 23:00:00+00:00,2025-12-31 22:00:00+00:00,35088,2,Pfaffhausen|Zürich,0,0.2978511171910625,VZS_MUEH,4819.018151620657,True
920,Neftenbach,8.681019747632872,47.543434278583355,2023-12-31 23:00:00+00:00,2025-12-31 22:00:00+00:00,35088,2,Henggart|Neftenbach,0,0.3808994528043776,VZS_ANDR,17152.833231772438,False
924,Volketswil,8.68258355502591,47.38326694539916,2025-09-02 23:00:00+00:00,2025-12-31 22:00:00+00:00,5760,2,Hegnau|Nänikon,0,0.24114583333333334,VZS_ANDR,9877.5076283402,False
1018,Dietikon,8.425201763723665,47.40182598918666,2023-12-31 23:00:00+00:00,2025-12-31 22:00:00+00:00,35088,2,Dietikon|Schlieren,0,0.29343365253077974,VZS_FISC,4486.385635091714,False
1021,Dietikon,8.40867342572732,47.40115636377672,2023-12-31 23:00:00+00:00,2025-12-31 22:00:00+00:00,35088,2,Dietikon|Schlieren,0,0.11781805745554036,VZS_FISC,5731.146734240213,False
1119,Uster,8.707017411776397,47.33690884743389,2023-12-31 23:00:00+00:00,2025-12-31 22:00:00+00:00,35088,2,Niederuster|Riedikon,0,0.29568513451892386,VZS_MUEH,12202.506995801044,False
1120,Wetzikon (ZH),8.793200852368772,47.31334909313929,2023-12-31 23:00:00+00:00,2025-12-31 22:00:00+00:00,35088,2,Gossau|Wetzikon,0,0.25339147286821706,VZS_MUEH,19189.16809287701,False
1121,Dietikon,8.408571919288622,47.40104930237554,2023-12-31 23:00:00+00:00,2025-12-31 22:00:00+00:00,35088,2,Dietikon|Schlieren,0,0.35222868217054265,VZS_FISC,5738.576098107138,False
1222,Dürnten,8.863074324117479,47.276449203811765,2023-12-31 23:00:00+00:00,2025-12-31 22:00:00+00:00,35088,2,Oberdürnten|Wald,0,0.4699327405380757,VZS_MUEH,25565.50292914535,False
1223,Flaach,8.580226518510498,47.5752654952065,2024-12-16 23:00:00+00:00,2025-12-31 22:00:00+00:00,18240,2,Flaach|Rheinbrücke,0,0.5474232456140351,VZS_ANDR,18101.906460971808,False
1321,Dietikon,8.394331505585154,47.40756852142189,2023-12-31 23:00:00+00:00,2025-12-31 22:00:00+00:00,35088,2,Dietikon|Spreitenbach,0,0.21785225718194254,VZS_FISC,6862.898158726492,False
1322,Uster,8.731001032636817,47.34517430738606,2023-12-31 23:00:00+00:00,2025-12-31 22:00:00+00:00,35088,2,Aathal|Uster,0,0.20137938896488827,VZS_MUEH,13789.258496124623,False
1323,Illnau-Effretikon,8.707686156087048,47.429033883942054,2023-12-31 23:00:00+00:00,2025-12-31 22:00:00+00:00,35088,2,Illnau|Kemptthal,0,0.4214546283629731,VZS_ANDR,11334.83933237444,False
1418,Ottenbach,8.400772612668456,47.287294853926134,2023-12-31 23:00:00+00:00,2025-12-31 22:00:00+00:00,35088,2,Jonen AG|Ottenbach,0,0.6144265845873234,VZS_TANN,11633.26096719798,False
1420,Illnau-Effretikon,8.692876288792169,47.43528685801001,2023-12-31 23:00:00+00:00,2025-12-31 22:00:00+00:00,35088,2,Effretikon|Grafstal,0,0.3425672594619243,VZS_ANDR,10375.154023048071,False
1519,Opfikon,8.556804991988871,47.42763385838175,2023-12-31 23:00:00+00:00,2025-12-31 22:00:00+00:00,35088,2,Opfikon|Zürich,0,0.10068969448244414,VZS_ANDR,1629.7447860143448,False
1521,Dietikon,8.385593011077008,47.414325881998515,2023-12-31 23:00:00+00:00,2025-12-31 22:00:00+00:00,35088,2,Dietikon|Dietikon Silbern,0,0.6104366165070679,VZS_FISC,7637.454015248273,False
1620,Langnau am Albis,8.542439853880055,47.2908742855491,2023-12-31 23:00:00+00:00,2025-12-31 22:00:00+00:00,35088,2,Richtung Adliswil|Richtung Langnau,0,0.35262767897856817,VZS_TANN,6382.130851855607,False
1621,Dietikon,8.385425182585728,47.41408570292136,2023-12-31 23:00:00+00:00,2025-12-31 22:00:00+00:00,35088,2,Dietikon|Spreitenbach,0,0.4284940720474236,VZS_FISC,7644.376138058422,False
1622,Niederhasli,8.514882665174094,47.464104672303826,2023-12-31 23:00:00+00:00,2025-12-31 22:00:00+00:00,35088,2,Oberhasli|Rümlang,0,0.35331167350661197,VZS_BINZ,5646.433349729955,False
1719,Obfelden,8.40514407485049,47.26457271054281,2023-12-31 23:00:00+00:00,2025-12-31 22:00:00+00:00,35088,2,Merenschwand AG|Obfelden,0,0.40760373917008663,VZS_TANN,13009.98892972563,False
1721,Dietikon,8.385230450877849,47.41404802435074,2023-12-31 23:00:00+00:00,2025-12-31 22:00:00+00:00,35088,2,Dietikon|Dietikon Silbern,0,0.7188782489740082,VZS_FISC,7657.918054263836,False
1722,Meilen,8.66363651989207,47.26302751841858,2023-12-31 23:00:00+00:00,2025-12-31 22:00:00+00:00,35088,2,Meilen|Uetikon am See,0,0.2926641586867305,VZS_TANN,13956.734715362663,False
1819,Kloten,8.57484272502061,47.44055282990827,2023-12-31 23:00:00+00:00,2025-12-31 22:00:00+00:00,35088,2,Kloten|Opfikon,0,0.14161536707706338,VZS_ANDR,3271.6030614647366,False
1820,Buchs (ZH),8.430805757261224,47.45731364005341,2023-12-31 23:00:00+00:00,2025-12-31 22:00:00+00:00,35088,2,Buchs|Otelfingen,0,0.4384404924760602,VZS_KLOW,7395.97952938908,False
1821,Dietikon,8.385181890140757,47.41430964262537,2023-12-31 23:00:00+00:00,2025-12-31 22:00:00+00:00,35088,2,Dietikon|Spreitenbach,0,0.38816689466484267,VZS_FISC,7667.440773881483,False
1920,Otelfingen,8.383240866305414,47.45974445606183,2023-12-31 23:00:00+00:00,2025-12-31 22:00:00+00:00,35088,2,Otelfingen|Wettingen AG,0,0.37722298221614226,VZS_KLOW,10031.009268751915,False
1923,Obfelden,8.432501070212979,47.268176277840766,2024-08-23 23:00:00+00:00,2025-12-31 22:00:00+00:00,23760,2,Affoltern am Albis|Obfelden,0,0.4954545454545455,VZS_TANN,11324.804844935754,False
2019,Hausen am Albis,8.526197639335605,47.2440848607042,2023-12-31 23:00:00+00:00,2025-12-31 22:00:00+00:00,35088,2,Hausen am Albis|Rifferswil,0,0.48877108983128137,VZS_TANN,11474.217709825301,False
2020,Dietikon,8.408313640461962,47.4076769495609,2023-12-31 23:00:00+00:00,2025-12-31 22:00:00+00:00,35088,2,Dietikon|Weiningen,0,0.13622891016871866,VZS_FISC,5818.424391524396,False
2022,Egg,8.691064023775985,47.294330584947886,2023-12-31 23:00:00+00:00,2025-12-31 22:00:00+00:00,35088,2,Egg|Uetikon am See,0,0.416296169630643,VZS_MUEH,13172.504694203959,False
2023,Obfelden,8.432532768592433,47.26816003170472,2024-08-23 23:00:00+00:00,2025-12-31 22:00:00+00:00,8856,1,Obfelden,0,0.3860659439927733,VZS_TANN,11324.698867736493,False
2119,Schlieren,8.47025218235027,47.39458729016097,2023-12-31 23:00:00+00:00,2025-12-31 22:00:00+00:00,35088,2,Schlieren|Zürich,0,0.07620839033287734,VZS_FISC,1241.6412342043577,False
2121,Dübendorf,8.62386913197892,47.39671564482482,2023-12-31 23:00:00+00:00,2025-12-31 22:00:00+00:00,29808,2,Dübendorf|Schwerzenbach,0,0.4257246376811594,VZS_ANDR,5200.303207540498,False
2122,Seuzach,8.716595953077507,47.53422935337984,2023-12-31 23:00:00+00:00,2025-12-31 22:00:00+00:00,35088,2,Seuzach|Unterohringen,0,0.27852827177382583,VZS_ANDR,17944.705768953445,False
2219,Bassersdorf,8.637513333756722,47.43703186280034,2023-12-31 23:00:00+00:00,2025-12-31 22:00:00+00:00,35088,2,Kloten|Tageslwangen,0,0.32977086183310533,VZS_ANDR,6472.856995696505,False
2220,Wetzikon (ZH),8.785919860482634,47.3245953998247,2023-12-31 23:00:00+00:00,2025-12-31 22:00:00+00:00,35088,2,Aathal|Wetzikon Bahnhof,0,0.1643581851345189,VZS_MUEH,18319.739048834457,False
2221,Dübendorf,8.623468713353692,47.39677932213902,2023-12-31 23:00:00+00:00,2025-12-31 22:00:00+00:00,29808,2,Dübendorf|Schwerzenbach,0,0.559849704777241,VZS_ANDR,5169.510276316722,False
2222,Adliswil,8.52886668441411,47.32152951663827,2023-12-31 23:00:00+00:00,2025-12-31 22:00:00+00:00,35088,2,Adliswil|Zürich,0,0.4199156406748746,VZS_TANN,2868.003263475355,False
2320,Thalwil,8.569007618766147,47.28561041125142,2023-12-31 23:00:00+00:00,2025-12-31 22:00:00+00:00,25584,2,Oberrieden|Thalwil Zentrum,0,0.5989290181363353,VZS_TANN,7562.4501456921025,False
2321,Dübendorf,8.61557886174752,47.3998523384528,2023-12-31 23:00:00+00:00,2025-12-31 22:00:00+00:00,35088,2,Dübendorf|Zürich,0,0.3798449612403101,VZS_ANDR,4493.252033999885,False
2322,Adliswil,8.528720225584886,47.32171093148535,2023-12-31 23:00:00+00:00,2025-12-31 22:00:00+00:00,17544,1,Adliswil,0,0.22321021431828544,VZS_TANN,2847.2871232245407,False
2421,Zürich,8.576710833269802,47.41028772869668,2023-12-31 23:00:00+00:00,2025-12-31 22:00:00+00:00,35088,2,Dübendorf|Opfikon,0,0.2922081623347013,VZS_ANDR,1348.1315671398802,True
2422,Bauma,8.915409274016852,47.36074252699541,2023-12-31 23:00:00+00:00,2025-12-31 22:00:00+00:00,31872,2,Bauma|Steg,0,0.470695281124498,VZS_ANDR,27509.42644919844,False
2521,Opfikon,8.571643871630542,47.42362559663603,2023-12-31 23:00:00+00:00,2025-12-31 22:00:00+00:00,35088,2,Opfikon|Zürich,0,0.3905893752849977,VZS_ANDR,1496.5628062062065,False
2621,Opfikon,8.566772635939039,47.4341547159466,2023-12-31 23:00:00+00:00,2025-12-31 22:00:00+00:00,35088,2,Opfikon|Rümlang,0,0.6523597811217511,VZS_ANDR,2410.0081669725655,False
2622,Dübendorf,8.613761692170693,47.39227237259006,2024-12-13 23:00:00+00:00,2025-08-07 22:00:00+00:00,11376,2,Dübendorf|Fällanden,0,0.229957805907173,VZS_ANDR,4715.31349239628,False
2721,Opfikon,8.566130782625653,47.43426747687456,2023-12-31 23:00:00+00:00,2025-12-31 22:00:00+00:00,33360,2,Opfikon|Rümlang,0,0.4310851318944844,VZS_ANDR,2411.428482304428,False
2921,Elgg,8.872689413517552,47.496070829339295,2023-12-31 23:00:00+00:00,2025-12-31 22:00:00+00:00,35088,2,Aadorf|Elgg,0,0.4288360693114455,VZS_ANDR,25369.061572106566,False
3022,Affoltern am Albis,8.440434895374855,47.28675697806844,2023-12-31 23:00:00+00:00,2025-12-31 22:00:00+00:00,35088,2,Affoltern am Albis|Zwillikon,0,0.45089489284085726,VZS_TANN,9378.9238658631,False
3121,Uster,8.734265974062588,47.34298278895676,2023-12-31 23:00:00+00:00,2025-12-31 22:00:00+00:00,35088,2,Sulzbach|Uster,0,0.2803237574099407,VZS_MUEH,14072.755915730992,False
3321,Benken (ZH),8.651350355149289,47.64745414041033,2023-12-31 23:00:00+00:00,2025-12-31 22:00:00+00:00,35088,2,Benken|Marthalen,0,0.512311901504788,VZS_ANDR,26965.63357022158,False
3721,Oberengstringen,8.477010467790805,47.40523168600978,2023-12-31 23:00:00+00:00,2025-12-31 22:00:00+00:00,35088,2,Oberengstringen|Zürich,0,0.13494642042863658,VZS_KLOW,731.8445736572565,False
3821,Oberengstringen,8.477028378861737,47.40533435725889,2023-12-31 23:00:00+00:00,2025-12-31 22:00:00+00:00,35088,2,Oberengstringen|Zürich,0,0.5608470132238942,VZS_KLOW,736.0850641482898,False
4121,Laufen-Uhwiesen,8.613380232952984,47.673221616098864,2023-12-31 23:00:00+00:00,2025-12-31 22:00:00+00:00,35088,2,Dachsen|Rheinfall,0,0.38303693570451436,VZS_ANDR,29210.029227156254,False
4221,Knonau,8.462809713620338,47.22800969883173,2023-12-31 23:00:00+00:00,2025-12-31 22:00:00+00:00,35088,2,Knonau|Mettmenstetten,0,0.39181486548107614,VZS_TANN,14118.113186287786,False
4621,Pfungen,8.65126129022217,47.51782424540957,2024-07-28 23:00:00+00:00,2025-12-31 22:00:00+00:00,25008,2,Neftenbach|Pfungen,0,0.227967050543826,VZS_ANDR,13553.089829822142,False
4721,Erlenbach (ZH),8.598227887279505,47.29494341657199,2023-12-31 23:00:00+00:00,2025-12-31 22:00:00+00:00,35088,2,Erlenbach|Herrliberg,0,0.26385088919288646,VZS_TANN,7937.336758144401,False
4821,Erlenbach (ZH),8.5980957088986,47.294946173058264,2023-12-31 23:00:00+00:00,2025-12-31 22:00:00+00:00,35088,2,Erlenbach|Herrliberg,0,0.7973096215230279,VZS_TANN,7930.319982312259,False
4921,Pfäffikon,8.758300837654097,47.35988567435031,2023-12-31 23:00:00+00:00,2025-12-31 22:00:00+00:00,35088,2,Pfäffikon|Uster,0,0.30805403556771543,VZS_MUEH,15688.50811882599,False
5019,Opfikon,8.556643310627342,47.42775502679132,2023-12-31 23:00:00+00:00,2025-12-31 22:00:00+00:00,31104,2,Opfikon|Zürich,0,0.10143389917695474,VZS_ANDR,1644.5831134514267,False
5020,Langnau am Albis,8.542384689352799,47.29084150368098,2023-12-31 23:00:00+00:00,2025-12-31 22:00:00+00:00,35088,2,Adliswil|Langnau,0,0.7722013223894209,VZS_TANN,6384.943554536294,False
5021,Uster,8.710790512027671,47.362337284960574,2023-12-31 23:00:00+00:00,2025-12-31 22:00:00+00:00,35088,2,Gutenswil|Uster,0,0.3655380756953944,VZS_MUEH,12093.043727681204,False
5022,Uster,8.713208893106954,47.356089898643745,2023-12-31 23:00:00+00:00,2025-12-31 22:00:00+00:00,30144,2,Uster Zentrum|Winterthurerstrasse,0,0.39118895966029726,VZS_MUEH,12310.135081249438,False
5023,Uster,8.704512706824287,47.347789673174134,2023-12-31 23:00:00+00:00,2025-12-31 22:00:00+00:00,35088,2,Niederuster|Uster Zentrum,0,0.2513109895120839,VZS_MUEH,11766.875072320889,False
5120,Dietikon,8.408342532383397,47.4078045213325,2023-12-31 23:00:00+00:00,2025-12-31 22:00:00+00:00,35088,2,Dietikon|Weiningen,0,0.23178864569083446,VZS_FISC,5818.338230479801,False
5122,Uster,8.715987827904078,47.348286292175885,2023-12-31 23:00:00+00:00,2025-12-31 22:00:00+00:00,35088,2,Niederuster|Uster Zentrum,0,0.36647856817145463,VZS_MUEH,12615.500301469097,False
5123,Uster,8.71242368826777,47.3542853106453,2023-12-31 23:00:00+00:00,2025-12-31 22:00:00+00:00,35088,2,Uster Bahnhof|Werrikon,0,0.22437870497036025,VZS_MUEH,12268.29111209638,False
5222,Uster,8.715707530832455,47.34833225883762,2023-12-31 23:00:00+00:00,2025-12-31 22:00:00+00:00,35088,2,Niederuster|Uster Zentrum,0,0.20363087095303237,VZS_MUEH,12593.803931745371,False
